periodo,prestador_id_sui,prestador_nombre,sigla,departamento_divipola,departamento_nombre,municipio_divipola,municipio_nombre,aps,segmento_cra,grupo_comparable,servicios,suscriptores_acueducto,IND_CON_01_continuidad_hdia,IND_COB_01_cobertura_pct,IND_PER_01_ianc_pct,IND_PER_02_ipuf_m3_susc_mes,IND_CAL_01_irca_pct,IND_EFI_02_cmo_m3_cte2024,IND_EFI_01_cma_susc_cte2024,cu_costo_unitario_m3_cte2024,IND_ASE_01_asequibilidad_pct,quality_flag,estado_reporte,cobertura_reporte_pct,version_ficha,observacion_auditoria,fecha_corte,fecha_generacion
2026-08,1141,"Empresa de Acueducto y Alcantarillado de Bogotá - ESP","EAAB",11,"Bogotá D.C.",11001,"Bogotá D.C.","Bogotá D.C. y Conurbados","Segmento Grande","Grupo Comparable: n=38","Acueducto y Alcantarillado",2385410,23.2,99.1,36.5,10.4,1.1,1680,5520,6850,3.2,VERIFIED,"Reporte Regular",100.0,"2.0","Reporte completo y validado en ventana previa SUI","2026-08-31","2026-09-15"
2026-08,2171,"Empresas Públicas de Medellín E.S.P.","EPM",05,"Antioquia",05001,"Medellín","Valle de Aburrá","Segmento Grande","Grupo Comparable: n=38","Acueducto y Alcantarillado",1352100,23.8,98.3,31.4,9.8,3.2,1420,4950,6080,2.9,VERIFIED,"Reporte Regular",100.0,"2.0","Reporte completo y validado en ventana previa SUI","2026-08-31","2026-09-15"
2026-08,2187,"Empresas Municipales de Cali E.I.C.E. E.S.P.","EMCALI",76,"Valle del Cauca",76001,"Cali","Cali y Yumbo","Segmento Grande","Grupo Comparable: n=38","Acueducto, Alcantarillado y Energía",684200,22.9,97.0,47.8,12.6,6.4,1820,5190,6380,3.6,WARNING,"Reporte Observado",96.5,"2.0","Alerta en IANC por encima del límite regulatorio de eficiencia","2026-08-31","2026-09-15"
2026-08,2231,"Sociedad de Acueducto, Alcantarillado y Aseo de Barranquilla S.A. E.S.P.","Triple A",08,"Atlántico",08001,"Barranquilla","Barranquilla y Soledad","Segmento Grande","Grupo Comparable: n=38","Acueducto, Alcantarillado y Aseo",412300,23.5,97.4,42.1,14.2,5.8,1540,5800,7100,3.8,VERIFIED,"Reporte Regular",100.0,"2.0","Reporte completo validado","2026-08-31","2026-09-15"
2026-08,2099,"Aguas de Cartagena S.A. E.S.P.","Acuacar",13,"Bolívar",13001,"Cartagena de Indias","Cartagena de Indias","Segmento Grande","Grupo Comparable: n=38","Acueducto y Alcantarillado",298700,23.6,98.0,28.9,8.4,2.4,1390,4880,5920,3.1,VERIFIED,"Reporte Regular",100.0,"2.0","Desempeño destacado en control de pérdidas","2026-08-31","2026-09-15"
2026-08,2201,"Acueducto Metropolitano de Bucaramanga S.A. E.S.P.","AMB",68,"Santander",68001,"Bucaramanga","Bucaramanga, Floridablanca y Girón","Segmento Grande","Grupo Comparable: n=38","Acueducto",289400,23.7,98.5,26.4,7.9,4.5,1450,5100,6290,2.8,VERIFIED,"Reporte Regular",100.0,"2.0","Frontera de eficiencia en pérdidas del grupo n=38","2026-08-31","2026-09-15"
2026-08,14032,"Aguas Kpital Cúcuta S.A. E.S.P.","Aguas Kpital",54,"Norte de Santander",54001,"Cúcuta","Cúcuta y Villa del Rosario","Segmento Grande","Grupo Comparable: n=38","Acueducto y Alcantarillado",215600,22.4,96.8,38.2,11.2,4.8,1610,5050,6420,3.5,VERIFIED,"Reporte Regular",99.0,"2.0","Reporte validado","2026-08-31","2026-09-15"
2026-08,2205,"Empresa Ibaguereña de Acueducto y Alcantarillado IBAL S.A. E.S.P.","IBAL",73,"Tolima",73001,"Ibagué","Ibagué","Segmento Grande","Grupo Comparable: n=38","Acueducto y Alcantarillado",178900,21.8,95.5,43.7,13.1,6.2,1750,4980,6340,3.4,VERIFIED,"Reporte Regular",98.2,"2.0","Reporte regular con seguimiento a inversiones POIR","2026-08-31","2026-09-15"
2026-08,2235,"Empresa de Acueducto y Alcantarillado de Pereira S.A. E.S.P.","Aguas y Aguas",66,"Risaralda",66001,"Pereira","Pereira","Segmento Grande","Grupo Comparable: n=38","Acueducto y Alcantarillado",168300,23.4,98.1,33.1,9.2,3.8,1490,5120,6210,3.0,VERIFIED,"Reporte Regular",100.0,"2.0","Reporte validado","2026-08-31","2026-09-15"
2026-08,2209,"Aguas de Manizales S.A. E.S.P.","Aguas de Manizales",17,"Caldas",17001,"Manizales","Manizales","Segmento Grande","Grupo Comparable: n=38","Acueducto y Alcantarillado",124500,23.9,98.7,27.5,8.1,2.1,1460,5230,6250,2.7,VERIFIED,"Reporte Regular",100.0,"2.0","Alta continuidad y control técnico de pérdidas","2026-08-31","2026-09-15"
2026-08,8842,"Empresa de Servicios Públicos del Distrito de Santa Marta","ESSMAR",47,"Magdalena",47001,"Santa Marta","Distrito Turístico Santa Marta","Segmento Grande","Grupo Comparable: n=38","Acueducto y Alcantarillado",132100,14.2,84.1,54.6,16.5,11.8,2210,6100,7420,4.6,QUARANTINE,"En Cuarentena Técnica",74.8,"2.0","🛑 Intervención técnica: Inconsistencias en balance hídrico y baja cobertura de reporte","2026-08-31","2026-09-15"
2026-08,2195,"Empresa de Acueducto y Alcantarillado de Villavicencio E.S.P.","EAAV",50,"Meta",50001,"Villavicencio","Villavicencio","Segmento Grande","Grupo Comparable: n=38","Acueducto y Alcantarillado",141200,21.5,94.6,41.8,12.8,7.5,1730,5150,6490,3.6,VERIFIED,"Reporte Regular",97.5,"2.0","Reporte regular","2026-08-31","2026-09-15"
2026-08,2212,"Empresa de Obras Sanitarias de Pasto EMPOPASTO S.A. E.S.P.","EMPOPASTO",52,"Nariño",52001,"Pasto","Pasto","Segmento Grande","Grupo Comparable: n=38","Acueducto y Alcantarillado",108400,23.1,97.2,34.8,9.5,3.9,1520,4890,6140,3.3,VERIFIED,"Reporte Regular",100.0,"2.0","Reporte regular","2026-08-31","2026-09-15"
2026-08,2252,"Veolia Aguas de Montería S.A. E.S.P.","Veolia Montería",23,"Córdoba",23001,"Montería","Montería","Segmento Grande","Grupo Comparable: n=38","Acueducto y Alcantarillado",115600,22.8,96.5,37.6,10.9,4.2,1640,5340,6580,3.7,VERIFIED,"Reporte Regular",99.2,"2.0","Reporte regular","2026-08-31","2026-09-15"
2026-08,2204,"Empresa de Servicios Públicos de Valledupar EMDUPAR S.A. E.S.P.","EMDUPAR",20,"Cesar",20001,"Valledupar","Valledupar","Segmento Grande","Grupo Comparable: n=38","Acueducto y Alcantarillado",102300,19.8,93.2,51.2,15.8,9.1,1920,5450,6890,4.1,WARNING,"Reporte Observado",91.0,"2.0","Pérdidas elevadas por encima de la senda regulatoria","2026-08-31","2026-09-15"
2026-08,2211,"Las Ceibas - Empresas Públicas de Neiva E.S.P.","Las Ceibas",41,"Huila",41001,"Neiva","Neiva","Segmento Grande","Grupo Comparable: n=38","Acueducto y Alcantarillado",98700,22.6,96.1,39.4,11.5,5.1,1620,5020,6350,3.4,VERIFIED,"Reporte Regular",98.4,"2.0","Reporte regular","2026-08-31","2026-09-15"
2026-08,2203,"Empresas Públicas de Armenia E.S.P.","EPA",63,"Quindío",63001,"Armenia","Armenia","Segmento Grande","Grupo Comparable: n=38","Acueducto y Alcantarillado",94200,23.3,97.9,32.8,9.1,3.4,1510,5180,6270,3.1,VERIFIED,"Reporte Regular",100.0,"2.0","Reporte regular","2026-08-31","2026-09-15"
2026-08,2216,"Sociedad de Acueducto y Alcantarillado de Popayán S.A. E.S.P.","AAP Popayán",19,"Cauca",19001,"Popayán","Popayán","Segmento Grande","Grupo Comparable: n=38","Acueducto y Alcantarillado",87500,22.5,95.8,36.9,10.6,4.6,1580,4970,6220,3.5,VERIFIED,"Reporte Regular",98.0,"2.0","Reporte regular","2026-08-31","2026-09-15"
2026-08,4118,"Veolia Sabana S.A. E.S.P.","Veolia Sabana",70,"Sucre",70001,"Sincelejo","Sincelejo y Corozal","Segmento Grande","Grupo Comparable: n=38","Acueducto y Alcantarillado",79400,20.4,91.8,44.5,13.8,7.8,1810,5600,6950,4.2,VERIFIED,"Reporte Regular",96.0,"2.0","Reporte regular","2026-08-31","2026-09-15"
2026-08,2256,"Veolia Aguas de Tunja S.A. E.S.P.","Veolia Tunja",15,"Boyacá",15001,"Tunja","Tunja","Segmento Grande","Grupo Comparable: n=38","Acueducto y Alcantarillado",68200,23.5,98.2,29.1,8.3,2.8,1470,5210,6290,2.9,VERIFIED,"Reporte Regular",100.0,"2.0","Reporte regular","2026-08-31","2026-09-15"
2026-08,15201,"Aqualia Riohacha S.A.S. E.S.P.","Aqualia Riohacha",44,"La Guajira",44001,"Riohacha","Riohacha","Segmento Grande","Grupo Comparable: n=38","Acueducto y Alcantarillado",48900,16.5,86.4,52.1,15.2,12.4,2080,5920,7350,4.8,WARNING,"Reporte Observado",88.5,"2.0","Baja continuidad histórica en red secundaria","2026-08-31","2026-09-15"
2026-08,2226,"Sociedad de Acueducto y Alcantarillado de Buenaventura S.A.A.B. E.S.P.","SAAB",76,"Valle del Cauca",76109,"Buenaventura","Buenaventura","Segmento Grande","Grupo Comparable: n=38","Acueducto y Alcantarillado",62400,11.5,81.2,56.8,17.2,14.5,2340,6250,7680,4.9,QUARANTINE,"En Cuarentena Técnica",68.2,"2.0","🛑 Bloqueo por baja cobertura de reporte y discrepancias en micromedición","2026-08-31","2026-09-15"
2026-08,2244,"AquaOccidente S.A. E.S.P.","AquaOccidente",76,"Valle del Cauca",76520,"Palmira","Palmira","Segmento Grande","Grupo Comparable: n=38","Acueducto y Alcantarillado",88100,23.4,97.6,33.5,9.4,3.7,1480,5080,6190,3.2,VERIFIED,"Reporte Regular",99.4,"2.0","Reporte regular","2026-08-31","2026-09-15"
2026-08,2214,"Aguas de Buga S.A. E.S.P.","Aguas de Buga",76,"Valle del Cauca",76111,"Guadalajara de Buga","Buga","Segmento Grande","Grupo Comparable: n=38","Acueducto y Alcantarillado",41200,23.6,98.1,30.2,8.6,2.9,1440,4990,6120,3.0,VERIFIED,"Reporte Regular",100.0,"2.0","Reporte regular","2026-08-31","2026-09-15"
2026-08,2220,"Empresas Municipales de Tuluá EMTULUA E.S.P.","EMTULUA",76,"Valle del Cauca",76834,"Tuluá","Tuluá","Segmento Grande","Grupo Comparable: n=38","Acueducto y Alcantarillado",58300,23.1,97.0,35.4,9.9,4.3,1530,5110,6280,3.3,VERIFIED,"Reporte Regular",99.0,"2.0","Reporte regular","2026-08-31","2026-09-15"
2026-08,2202,"Empresas Municipales de Cartago EMCARTAGO E.S.P.","EMCARTAGO",76,"Valle del Cauca",76147,"Cartago","Cartago","Segmento Grande","Grupo Comparable: n=38","Acueducto y Alcantarillado",47800,22.8,96.7,38.1,10.7,5.2,1590,5180,6370,3.5,VERIFIED,"Reporte Regular",98.5,"2.0","Reporte regular","2026-08-31","2026-09-15"
2026-08,2239,"Empresa de Servicios Públicos de Dosquebradas Serviciudad E.S.P.","Serviciudad",66,"Risaralda",66170,"Dosquebradas","Dosquebradas","Segmento Grande","Grupo Comparable: n=38","Acueducto, Alcantarillado y Aseo",62100,23.2,97.3,34.2,9.6,4.1,1510,5090,6240,3.3,VERIFIED,"Reporte Regular",99.1,"2.0","Reporte regular","2026-08-31","2026-09-15"
2026-08,14502,"Empresa Pública de Alcantarillado de Santander EMPAS S.A. E.S.P.","EMPAS",68,"Santander",68276,"Floridablanca","Floridablanca y Girón","Segmento Grande","Grupo Comparable: n=38","Alcantarillado",184500,24.0,98.8,0.0,0.0,0.0,1380,4820,5890,2.9,VERIFIED,"Reporte Regular",100.0,"1.0","Prestador especializado en alcantarillado metropolitano","2026-08-31","2026-09-15"
2026-08,3110,"Piedecuestana de Servicios Públicos E.S.P.","Piedecuestana",68,"Santander",68547,"Piedecuesta","Piedecuesta","Segmento Grande","Grupo Comparable: n=38","Acueducto y Alcantarillado",44300,23.0,96.8,36.2,10.2,4.4,1570,5040,6310,3.4,VERIFIED,"Reporte Regular",98.8,"2.0","Reporte regular","2026-08-31","2026-09-15"
2026-08,2224,"Aguas de Barrancabermeja S.A. E.S.P.","Aguas Barranca",68,"Santander",68081,"Barrancabermeja","Barrancabermeja","Segmento Grande","Grupo Comparable: n=38","Acueducto y Alcantarillado",63400,22.1,95.2,42.4,12.5,6.8,1720,5380,6680,3.9,VERIFIED,"Reporte Regular",97.2,"2.0","Reporte regular","2026-08-31","2026-09-15"
2026-08,2208,"Empresa de Servicios Públicos de Duitama EMPODUITAMA E.S.P.","EMPODUITAMA",15,"Boyacá",15238,"Duitama","Duitama","Segmento Grande","Grupo Comparable: n=38","Acueducto y Alcantarillado",39500,23.4,97.8,31.5,8.8,3.2,1480,5010,6170,3.0,VERIFIED,"Reporte Regular",99.5,"2.0","Reporte regular","2026-08-31","2026-09-15"
2026-08,2213,"Compañía de Servicios Públicos de Sogamoso COSERVICIOS S.A. E.S.P.","COSERVICIOS",15,"Boyacá",15759,"Sogamoso","Sogamoso","Segmento Grande","Grupo Comparable: n=38","Acueducto y Alcantarillado",41800,23.2,97.4,32.9,9.1,3.5,1490,5060,6220,3.1,VERIFIED,"Reporte Regular",99.0,"2.0","Reporte regular","2026-08-31","2026-09-15"
2026-08,2248,"Acuagyr S.A. E.S.P.","Acuagyr",25,"Cundinamarca",25307,"Girardot","Girardot, Flandes y Ricaurte","Segmento Grande","Grupo Comparable: n=38","Acueducto y Alcantarillado",48700,22.9,96.3,37.8,10.8,5.0,1650,5280,6520,3.6,VERIFIED,"Reporte Regular",98.4,"2.0","Reporte regular","2026-08-31","2026-09-15"
2026-08,3315,"Empresa Aguas de Facatativá EAF E.S.P.","Aguas Facatativá",25,"Cundinamarca",25269,"Facatativá","Facatativá","Segmento Grande","Grupo Comparable: n=38","Acueducto y Alcantarillado",42100,22.7,96.4,36.7,10.4,4.7,1610,5120,6390,3.5,VERIFIED,"Reporte Regular",98.6,"2.0","Reporte regular","2026-08-31","2026-09-15"
2026-08,3320,"Empresa de Servicios Públicos de Fusagasugá EMSERFUERZA E.S.P.","EMSERFUERZA",25,"Cundinamarca",25290,"Fusagasugá","Fusagasugá","Segmento Grande","Grupo Comparable: n=38","Acueducto y Alcantarillado",46200,23.0,96.9,35.1,9.8,3.9,1540,5070,6280,3.2,VERIFIED,"Reporte Regular",99.0,"2.0","Reporte regular","2026-08-31","2026-09-15"
2026-08,3310,"Empresa de Servicios Públicos de Chía EMSERCHIA E.S.P.","EMSERCHIA",25,"Cundinamarca",25175,"Chía","Chía","Segmento Grande","Grupo Comparable: n=38","Acueducto y Alcantarillado",45800,23.3,97.7,33.0,9.1,3.2,1560,5190,6380,3.1,VERIFIED,"Reporte Regular",99.3,"2.0","Reporte regular","2026-08-31","2026-09-15"
2026-08,11202,"Aguas Regionales EPM S.A. E.S.P.","Aguas Regionales",05,"Antioquia",05615,"Rionegro","Rionegro y Urabá","Segmento Grande","Grupo Comparable: n=38","Acueducto y Alcantarillado",68900,23.5,97.5,31.8,8.9,3.1,1490,5100,6240,3.0,VERIFIED,"Reporte Regular",100.0,"2.0","Reporte regular","2026-08-31","2026-09-15"
2026-08,2210,"Empresa de Obras Sanitarias de Caldas EMPOCALDAS S.A. E.S.P.","EMPOCALDAS",17,"Caldas",17001,"Manizales","Regional Caldas (26 municipios)","Segmento Grande","Grupo Comparable: n=38","Acueducto y Alcantarillado",91200,22.8,95.9,36.1,10.3,4.9,1620,5240,6470,3.4,VERIFIED,"Reporte Regular",98.7,"2.0","Operación regional multicabecera","2026-08-31","2026-09-15"
2026-08,2207,"Acuavalle S.A. E.S.P.","Acuavalle",76,"Valle del Cauca",76001,"Cali","Regional Valle (33 municipios)","Segmento Grande","Grupo Comparable: n=38","Acueducto y Alcantarillado",148500,22.4,95.1,38.9,11.3,5.6,1680,5390,6620,3.7,VERIFIED,"Reporte Regular",97.8,"2.0","Operación regional multicabecera","2026-08-31","2026-09-15"
2026-08,2218,"Empresas Públicas del Quindío EPQ S.A. E.S.P.","EPQ",63,"Quindío",63001,"Armenia","Regional Quindío (10 municipios)","Segmento Grande","Grupo Comparable: n=38","Acueducto y Alcantarillado",56700,23.0,96.2,34.5,9.7,4.0,1570,5160,6340,3.3,VERIFIED,"Reporte Regular",99.0,"2.0","Operación regional multicabecera","2026-08-31","2026-09-15"
2026-08,14112,"Aguas del Huila S.A. E.S.P.","Aguas del Huila",41,"Huila",41001,"Neiva","Regional Huila","Segmento Grande","Grupo Comparable: n=38","Acueducto y Alcantarillado",51400,22.2,94.8,39.1,11.4,5.8,1660,5220,6490,3.6,VERIFIED,"Reporte Regular",97.0,"2.0","Operación departamental","2026-08-31","2026-09-15"
2026-08,5409,"Aguas del Sinú y San Jorge E.S.P.","Aguas del Sinú",23,"Córdoba",23670,"San Marcos","Región San Jorge","Segmento Mediano","Grupo Mediano",Acueducto,18400,0.0,0.0,0.0,0.0,0.0,0,0,0,0.0,NO_REPORT,"No Reportó (Visible)",0.0,"2.0","🛑 Estado de Ausencia Explícita (RF-PORTAL-11): Prestador no transmitió al SUI en 2026-08","2026-08-31","2026-09-15"
2026-08,3312,"Aguas del Llano y la Orinoquía S.A. E.S.P.","Aguas del Llano",50,"Meta",50606,"Restrepo","Piamonte y Restrepo","Segmento Mediano","Grupo Mediano","Acueducto y Alcantarillado",14800,21.1,91.5,39.2,12.0,7.2,1610,5020,6150,3.8,WARNING,"En Trámite de Objeción",95.0,"2.0","⚠️ Objeción formal radicada CRA 2026-OBJ-019 en pérdidas comerciales. Valor preliminar","2026-08-31","2026-09-15"
2026-08,12044,"Aguas de Urabá S.A. E.S.P.","Aguas de Urabá",05,"Antioquia",05045,"Apartadó","Apartadó, Carepa y Turbo","Segmento Mediano","Grupo Mediano","Acueducto y Alcantarillado",32100,21.6,92.4,41.2,12.2,6.5,1710,5320,6610,3.9,VERIFIED,"Reporte Regular",97.2,"2.0","Reporte regular","2026-08-31","2026-09-15"
2026-08,13110,"Aguas del Sur del Atlántico E.S.P.","Aguas del Sur",08,"Atlántico",08638,"Sabanalarga","Sabanalarga y Baranoa","Segmento Mediano","Grupo Mediano","Acueducto y Alcantarillado",26400,20.8,91.2,43.5,13.2,7.4,1790,5480,6810,4.1,VERIFIED,"Reporte Regular",96.5,"2.0","Reporte regular","2026-08-31","2026-09-15"
2026-08,4412,"Empresas Públicas de Ipiales EMPOSEPUERRES E.S.P.","EMPOSEPUERRES",52,"Nariño",52356,"Ipiales","Ipiales y Pupiales","Segmento Mediano","Grupo Mediano","Acueducto y Alcantarillado",29800,22.3,95.1,35.8,10.1,4.5,1590,4980,6220,3.5,VERIFIED,"Reporte Regular",98.2,"2.0","Reporte regular","2026-08-31","2026-09-15"
2026-08,2215,"Empresa de Servicios Públicos de Pamplona Aguas de Pamplona E.S.P.","Aguas Pamplona",54,"Norte de Santander",54518,"Pamplona","Pamplona","Segmento Mediano","Grupo Mediano","Acueducto y Alcantarillado",19200,22.7,96.0,33.8,9.4,3.8,1530,5050,6250,3.2,VERIFIED,"Reporte Regular",99.0,"2.0","Reporte regular","2026-08-31","2026-09-15"
2026-08,2217,"Empresa de Servicios Públicos de Ocaña ESPO S.A. E.S.P.","ESPO Ocaña",54,"Norte de Santander",54498,"Ocaña","Ocaña","Segmento Mediano","Grupo Mediano","Acueducto y Alcantarillado",27500,21.2,93.4,44.1,13.4,7.9,1760,5350,6710,4.0,WARNING,"Reporte Observado",92.5,"2.0","Discrepancia temporal entre volumen macro y facturado","2026-08-31","2026-09-15"
2026-08,14010,"Aguas del Atrato E.S.P.","Aguas del Atrato",27,"Chocó",27001,"Quibdó","Quibdó","Segmento Mediano","Grupo Mediano","Acueducto y Alcantarillado",24600,10.8,78.5,58.2,18.4,16.2,2420,6450,7950,5.1,QUARANTINE,"En Cuarentena Técnica",65.0,"2.0","🛑 Cuarentena por discontinuidad severa en red y fallas de medición en captación","2026-08-31","2026-09-15"
2026-08,13990,"Empresa de Servicios Públicos de Aguachica Aguas del Cesar S.A. E.S.P.","Aguas del Cesar",20,"Cesar",20011,"Aguachica","Aguachica","Segmento Mediano","Grupo Mediano","Acueducto y Alcantarillado",21300,20.5,90.8,45.2,13.9,8.2,1820,5510,6890,4.3,VERIFIED,"Reporte Regular",95.4,"2.0","Reporte regular","2026-08-31","2026-09-15"
2026-08,3105,"Empresas Públicas de La Ceja E.S.P.","EP La Ceja",05,"Antioquia",05376,"La Ceja","La Ceja del Tambo","Segmento Mediano","Grupo Mediano","Acueducto, Alcantarillado y Aseo",22800,23.7,98.4,27.8,8.0,2.3,1430,4920,6050,2.8,VERIFIED,"Reporte Regular",100.0,"2.0","Alta eficiencia operativa en segmento mediano","2026-08-31","2026-09-15"
2026-08,15002,"Aguas de Tumaco S.A. E.S.P.","Aguas de Tumaco",52,"Nariño",52835,"Tumaco","Tumaco","Segmento Mediano","Grupo Mediano",Acueducto,19400,9.4,75.2,61.5,19.8,18.5,2510,6600,8120,5.4,QUARANTINE,"En Cuarentena Técnica",61.8,"2.0","🛑 Cuarentena por daño mayor en línea de aducción y falta de continuidad","2026-08-31","2026-09-15"
2026-08,9502,"Acueducto Comunitario Vereda La Esperanza","Acueducto La Esperanza",25,"Cundinamarca",25377,"La Calera","Vereda La Esperanza","Rural y Comunitario","Fase B",Acueducto,850,0.0,0.0,0.0,0.0,0.0,0,0,0,0.0,STAGE_B,"Habilitación Fase B",0.0,"1.0","🌾 Esquema Diferencial Rural (Dec. 1898/2016). Publicación programada para Fase B","2026-08-31","2026-09-15"
2026-08,9510,"Asociación de Suscriptores del Acueducto Rural San José","Acueducto San José",05,"Antioquia",05674,"San Vicente Ferrer","Vereda San José","Rural y Comunitario","Fase B",Acueducto,620,0.0,0.0,0.0,0.0,0.0,0,0,0,0.0,STAGE_B,"Habilitación Fase B",0.0,"1.0","🌾 Prestador Comunitario. Fase B en alistamiento institucional","2026-08-31","2026-09-15"
2026-08,9525,"Junta Administradora de Agua Potable El Salado","JAAP El Salado",13,"Bolívar",13244,"El Carmen de Bolívar","Corregimiento El Salado","Rural y Comunitario","Fase B",Acueducto,430,0.0,0.0,0.0,0.0,0.0,0,0,0,0.0,STAGE_B,"Habilitación Fase B",0.0,"1.0","🌾 Esquema Diferencial de Zona Afectada por Conflicto. Habilitación Fase B","2026-08-31","2026-09-15"
