indicador,variable_requerida,rol,nivel,estado,n_variables,n_mecanicas,n_exactas,documentos,ids_variable,sensibles,formatos_candidatos,vigencia_formatos,tablas_candidatas,columna_fisica,fuente_externa
IND-PER-01,Volumen de agua producida (VTAP),num/den,3,Variable documentada,3,2,0,ANEXO_TECNICO_IUS_284385_2022;INSTRUCTIVO_CARGUE_AA_2024;INSTRUCTIVO_IUS_APS_2024,VF-c678f291;VF-2bcd6327;VF-7d30859b,0,996,vigente-declarada,CAR_T996_CONSUMO_FACTURADO,no (variable_tabla vacía),
IND-PER-01,Volumen adquirido en interconexión,num/den,3,Variable documentada,3,2,0,ANEXO_TECNICO_IUS_284385_2022;INSTRUCTIVO_CARGUE_AA_2024;INSTRUCTIVO_IUS_APS_2024,VF-4b4e0438;VF-4761348b;VF-f377d15a,0,,,,no (variable_tabla vacía),
IND-PER-01,Volumen entregado en interconexión,num/den,3,Variable documentada,3,2,0,ANEXO_TECNICO_IUS_284385_2022;INSTRUCTIVO_CARGUE_AA_2024;INSTRUCTIVO_IUS_APS_2024,VF-bd8d9cb8;VF-c322760a;VF-213de026,0,,,,no (variable_tabla vacía),
IND-PER-01,Consumo facturado (m3),num,3,Variable documentada,3,2,0,ANEXO_TECNICO_IUS_284385_2022;INSTRUCTIVO_CARGUE_AA_2024;INSTRUCTIVO_IUS_APS_2024,VF-5a3f2593;VF-de34ceec;VF-cee7e092,0,996;700,vigente-declarada,CAR_FAAC_ACDCTO;CAR_T996_CONSUMO_FACTURADO,no (variable_tabla vacía),
IND-PER-02,VTAP + interconexiones,num,3,Variable documentada,3,2,0,ANEXO_TECNICO_IUS_284385_2022;INSTRUCTIVO_CARGUE_AA_2024;INSTRUCTIVO_IUS_APS_2024,VF-c678f291;VF-2bcd6327;VF-7d30859b,0,996,vigente-declarada,CAR_T996_CONSUMO_FACTURADO,no (variable_tabla vacía),
IND-PER-02,Consumo facturado (m3),num,3,Variable documentada,3,2,0,ANEXO_TECNICO_IUS_284385_2022;INSTRUCTIVO_CARGUE_AA_2024;INSTRUCTIVO_IUS_APS_2024,VF-5a3f2593;VF-de34ceec;VF-cee7e092,0,996,vigente-declarada,CAR_T996_CONSUMO_FACTURADO,no (variable_tabla vacía),
IND-PER-02,Suscriptores facturados (NS_ACPUC),den,3,Variable documentada,3,2,0,ANEXO_TECNICO_IUS_284385_2022;INSTRUCTIVO_CARGUE_AA_2024;INSTRUCTIVO_IUS_APS_2024,VF-c752d6dc;VF-a492e24f;VF-52c0ed66,0,995;700,vigente-declarada,CAR_FAAC_ACDCTO;CAR_T995_USUARIOS_FACTURADOS,no (variable_tabla vacía),
IND-PER-02,Meses del periodo,den,3,Variable documentada,4,2,0,ANEXO_TECNICO_IUS_284385_2022;INSTRUCTIVO_IUS_APS_2024,VF-878f3649;VF-1aa10d72;VF-3b3969d7;VF-43ebfa79,0,,,,no (variable_tabla vacía),
IND-CON-01,Índice de continuidad (IC),valor,3,Variable documentada,3,2,0,ANEXO_TECNICO_IUS_284385_2022;INSTRUCTIVO_CARGUE_AA_2024;INSTRUCTIVO_IUS_APS_2024,VF-314c8214;VF-d4e8c334;VF-090cf5f6,0,719;735,vigente-declarada,CAR_T719_719;CAR_T735_CONTINUIDAD,no (variable_tabla vacía),
IND-CON-01,Tiempo de afectación por ruta,num,3,Variable documentada,6,6,0,INSTRUCTIVO_COMERCIAL_39945_2017,VF-7e5e3483;VF-0354510d;VF-0e4075b9;VF-182f8201;VF-99012dc0;VF-5b038a52,0,719;735,vigente-declarada,CAR_T719_719;CAR_T735_CONTINUIDAD,no (variable_tabla vacía),
IND-CON-01,Suscriptores afectados / totales ruta,peso,3,Variable documentada,3,3,0,INSTRUCTIVO_COMERCIAL_39945_2017,VF-9f549885;VF-8d21289e;VF-ff2af2b2,0,,,,no (variable_tabla vacía),
IND-COB-01,Suscriptores atendidos acueducto por municipio y uso,num,3,Variable documentada,1,1,0,INSTRUCTIVO_COMERCIAL_39945_2017,VF-eb02f59a,0,700;715,vigente-declarada,CAR_FAAC_ACDCTO;CAR_T715_715,no (variable_tabla vacía),
IND-COB-01,Viviendas / población (denominador),den,0,Fuente externa,0,0,0,,,0,,,,no (variable_tabla vacía),DANE CNPV / proyecciones
IND-COB-02,Suscriptores de alcantarillado,num,3,Variable documentada,4,4,0,INSTRUCTIVO_COMERCIAL_39945_2017,VF-5f20c0af;VF-e4cdf8c0;VF-b7684640;VF-477a5547,0,701;716,vigente-declarada,CAR_FAAL_ALCNTRLDO;CAR_T716_716,no (variable_tabla vacía),
IND-COB-02,Viviendas / población (denominador),den,0,Fuente externa,0,0,0,,,0,,,,no (variable_tabla vacía),DANE CNPV / proyecciones
IND-COB-03,Suscriptores de aseo,num,2,Variable por validar,2,0,0,RESOLUCION_034455_2020,VF-48f9f68c;VF-ab0aff18,0,702;755;1320,vigente-declarada;vigente-parcial-verificar,CAR_FAAS_ASEO;CAR_T1109_COMERCIAL_ASEO;CAR_T755_COMERCIAL,no (variable_tabla vacía),
IND-COB-03,Viviendas / población (denominador),den,0,Fuente externa,0,0,0,,,0,,,,no (variable_tabla vacía),DANE CNPV / proyecciones
IND-CAL-01,IRCA por muestra/municipio,valor,1,Fuente externa (SUI solo proxy),0,0,0,,,0,1230;1231;1232;1233,derogada-pendiente-reasignacion;vigente-parcial-verificar,CAR_T1230_OBLIGATORIOS,no (variable_tabla vacía),INS · SIVICAP
IND-ECI-01,Volumen de agua residual tratada (VTA),num,3,Variable documentada,3,2,0,ANEXO_TECNICO_IUS_284385_2022;INSTRUCTIVO_CARGUE_AA_2024;INSTRUCTIVO_IUS_APS_2024,VF-4e243cab;VF-f7bf25f7;VF-bb6e410f,0,,,,no (variable_tabla vacía),
IND-ECI-01,Vertimiento facturado / recolectado (m3),den,4,Formato+tabla (sin columna),2,2,1,INSTRUCTIVO_COMERCIAL_39945_2017,VF-7ecd4491;VF-90b2ddb1,0,880;1058,derogada-pendiente-reasignacion;vigente-declarada,CAR_880_M3VERTIDOS;CAR_T1058_FACT_ALC,no (variable_tabla vacía),
IND-ECI-02,Toneladas aprovechadas,num,2,Variable por validar,2,0,0,ANEXO_TECNICO_APROVECHAMIENTO_596_2016,VF-88536dbb;VF-948df1ee,0,753,vigente-declarada,CAR_T753_SITIOSAPROVECHAMIENTO,no (variable_tabla vacía),
IND-ECI-02,Toneladas recolectadas / generadas,den,2,Variable por validar,1,0,0,RESOLUCION_034455_2020,VF-9926a90f,0,1342;752,vigente-declarada;vigente-parcial-verificar,CAR_T1084_REG_TONELA;CAR_T752_RECOLECCIONTRANSPORTE,no (variable_tabla vacía),
IND-ECI-02,Rechazo del material,ajuste,2,Variable por validar,1,0,0,ANEXO_TECNICO_APROVECHAMIENTO_596_2016,VF-3a05fb46,0,,,,no (variable_tabla vacía),
IND-EFI-01,CMA ($/suscriptor) aplicado,valor,4,Formato+tabla (sin columna),2,2,1,INSTRUCTIVO_COMERCIAL_39945_2017,VF-438c9ffb;VF-3f51ee0c,0,705;1328;1058,derogada-pendiente-reasignacion;vigente-declarada;vigente-parcial-verificar,CAR_T1052_F22_PRESTACUEDUCTO;CAR_T1058_FACT_ALC;CAR_T705_TARAPL_ACDCTO,no (variable_tabla vacía),
IND-EFI-01,Gastos de administración reales (PUC),alterno,1,Solo formato catalogado,0,0,0,,,0,1,vigente-declarada,T_ESTADOS_FINANCIEROS,no (variable_tabla vacía),
IND-EFI-01,Deflactor IPC (año base),ajuste,0,Fuente externa,0,0,0,,,0,,,,no (variable_tabla vacía),DANE IPC
IND-EFI-02,CMO ($/m3) aplicado,valor,4,Formato+tabla (sin columna),2,2,1,INSTRUCTIVO_COMERCIAL_39945_2017,VF-cab52448;VF-c6638e70,0,705;1328;1058,derogada-pendiente-reasignacion;vigente-declarada;vigente-parcial-verificar,CAR_T1052_F22_PRESTACUEDUCTO;CAR_T1058_FACT_ALC;CAR_T705_TARAPL_ACDCTO,no (variable_tabla vacía),
IND-EFI-02,Costos de operación reales (PUC),alterno,1,Solo formato catalogado,0,0,0,,,0,1;1276;1277,vigente-declarada;vigente-parcial-verificar,CAR_T1276_COST_INSUM_QUIMIC;CAR_T1277_COSTOS_ENERGIA_ACU;T_ESTADOS_FINANCIEROS,no (variable_tabla vacía),
IND-EFI-02,Deflactor IPC (año base),ajuste,0,Fuente externa,0,0,0,,,0,,,,no (variable_tabla vacía),DANE IPC
IND-FIN-01,Valor subsidio/contribución por factura,num,4,Formato+tabla (sin columna),4,4,2,INSTRUCTIVO_COMERCIAL_39945_2017,VF-9b88c171;VF-f9eba6bf;VF-81ed3c88;VF-83a7607e,0,710;722;711;1051;1058,derogada-pendiente-reasignacion;vigente-declarada;vigente-parcial-verificar,CAR_T1051_FACT_SUBCONT;CAR_T1058_FACT_ALC;CAR_T710_710;CAR_T711_711;CAR_T722_722,no (variable_tabla vacía),
IND-FIN-01,Recursos FSRI solicitados/recibidos/enviados,num,3,Variable documentada,10,10,0,INSTRUCTIVO_COMERCIAL_39945_2017,VF-48f992ed;VF-78ed0afa;VF-e6f6a5ed;VF-b949f7f9;VF-a08a206c;VF-61ee33df,0,1030,vigente-declarada,CAR_T1030_BALANCESUBCONT,no (variable_tabla vacía),
IND-FIN-01,Transferencias de entes territoriales,den,1,Fuente externa (SUI solo proxy),0,0,0,,,0,1030,vigente-declarada,CAR_T1030_BALANCESUBCONT,no (variable_tabla vacía),Entes territoriales / FUT-CHIP
IND-ASE-01,Total cobro por factura,num,4,Formato+tabla (sin columna),2,2,1,INSTRUCTIVO_COMERCIAL_39945_2017,VF-85fc5914;VF-c1b45358,0,705;707;709;1328;1329;1058,derogada-pendiente-reasignacion;vigente-declarada;vigente-parcial-verificar,CAR_T1052_F22_PRESTACUEDUCTO;CAR_T1053_TARAPL_ALC;CAR_T1058_FACT_ALC;CAR_T705_TARAPL_ACDCTO;CAR_T707_TARAPL_ALCNTRLDO;CAR_T709_709,no (variable_tabla vacía),
IND-ASE-01,Clase de uso / estrato,desagregación,3,Variable documentada,3,3,0,INSTRUCTIVO_COMERCIAL_39945_2017,VF-d896c176;VF-a6b635fc;VF-b4b016df,0,,,,no (variable_tabla vacía),
IND-ASE-01,Ingreso de los hogares por estrato,den,0,Fuente externa,0,0,0,,,0,,,,no (variable_tabla vacía),DANE ENPH / GEIH
IND-INV-01,VP recursos ejecutados,num,3,Variable documentada,6,4,0,ANEXO_TECNICO_IUS_284385_2022;INSTRUCTIVO_CARGUE_AA_2024;INSTRUCTIVO_IUS_APS_2024,VF-f6297391;VF-75eec648;VF-db64ad32;VF-96bfa789;VF-7669ef5a;VF-fefcf389,0,1340;1341;1064,vigente-parcial-verificar,CAR_T1064_EJECPROYECTOS,no (variable_tabla vacía),
IND-INV-01,VP inversiones proyectadas,den,3,Variable documentada,6,4,0,ANEXO_TECNICO_IUS_284385_2022;INSTRUCTIVO_CARGUE_AA_2024;INSTRUCTIVO_IUS_APS_2024,VF-a457ba32;VF-83e83424;VF-8a306c60;VF-84083edc;VF-e8d0d00c;VF-a908147f,0,1062;1063,vigente-parcial-verificar,CAR_T1062_FORMPROYECTOS,no (variable_tabla vacía),
IND-INV-01,Inversión POIR por activo,detalle,3,Variable documentada,2,2,0,INSTRUCTIVO_COMERCIAL_39945_2017,VF-b9f48433;VF-f704440e,0,,,,no (variable_tabla vacía),
NMT-ADO-01,Estudio de costos reportado bajo el NMT,num,0,Fuente externa,0,0,0,,,0,,,,no (variable_tabla vacía),SURICATA / sin formato SUI identificado
NMT-ADO-01,Universo del ámbito por segmento (suscriptores),den,3,Variable documentada,3,2,0,ANEXO_TECNICO_IUS_284385_2022;INSTRUCTIVO_CARGUE_AA_2024;INSTRUCTIVO_IUS_APS_2024,VF-c752d6dc;VF-a492e24f;VF-52c0ed66,0,,,,no (variable_tabla vacía),
NMT-ADO-02,Fecha de expedición de la factura,valor,3,Variable documentada,4,4,0,INSTRUCTIVO_COMERCIAL_39945_2017,VF-4ca4bec8;VF-8c0eb06d;VF-e4170102;VF-49a4533f,0,,,,no (variable_tabla vacía),
NMT-ADO-02,Marcador de marco tarifario aplicado,valor,3,Variable documentada,3,3,0,INSTRUCTIVO_COMERCIAL_39945_2017,VF-d1d536ad;VF-1f648f49;VF-8f65a7ff,0,,,,no (variable_tabla vacía),
NMT-TAR-01,Cargos tarifarios aplicados por estrato,valor,4,Formato+tabla (sin columna),8,8,4,INSTRUCTIVO_COMERCIAL_39945_2017,VF-438c9ffb;VF-cab52448;VF-0b6dc175;VF-6b28cfc4;VF-3f51ee0c;VF-c6638e70,0,705;707;1328;1329;1058,derogada-pendiente-reasignacion;vigente-declarada;vigente-parcial-verificar,CAR_T1052_F22_PRESTACUEDUCTO;CAR_T1053_TARAPL_ALC;CAR_T1058_FACT_ALC;CAR_T705_TARAPL_ACDCTO;CAR_T707_TARAPL_ALCNTRLDO,no (variable_tabla vacía),
NMT-LB-01,Línea base 2026 por prestador,valor,0,Fuente externa,0,0,0,,,0,,,,no (variable_tabla vacía),Sin formato SUI identificado (Res. 1032)
NMT-EST-01,"Componentes IDH/IRD (IC, IPUF, IMI, IMA, NDNA/NTD)",valor,3,Variable documentada,15,11,0,ANEXO_TECNICO_IUS_284385_2022;INSTRUCTIVO_CARGUE_AA_2024;INSTRUCTIVO_IUS_APS_2024,VF-00b5d561;VF-b20ac81b;VF-ec38d70f;VF-761b9e73;VF-d4e8c334;VF-19a06c1e,0,,,,no (variable_tabla vacía),
NMT-EST-01,"Metas por segmento (Tablas 16, 50-51)",valor,0,Fuente externa,0,0,0,,,0,,,,no (variable_tabla vacía),Res. CRA 1032/2026 (Q-NMT-01)
NMT-EST-02,IPUF observado (componentes),valor,3,Variable documentada,6,4,0,ANEXO_TECNICO_IUS_284385_2022;INSTRUCTIVO_CARGUE_AA_2024;INSTRUCTIVO_IUS_APS_2024,VF-c678f291;VF-5a3f2593;VF-2bcd6327;VF-de34ceec;VF-7d30859b;VF-cee7e092,0,,,,no (variable_tabla vacía),
NMT-INC-01,Descuentos aplicados por indicador,valor,3,Variable documentada,3,3,0,INSTRUCTIVO_COMERCIAL_39945_2017,VF-d7217049;VF-46e5e778;VF-a4eb9c9b,0,,,,no (variable_tabla vacía),
NMT-RIE-01,Nivel de riesgo IUS publicado,valor,0,Fuente externa,0,0,0,,,0,,,,no (variable_tabla vacía),SSPD publicación anual IUS
