"prestador_id_sui","prestador_nombre","sigla","departamento","divipola_depto","municipio","divipola_muni","segmento","suscriptores","etapa_ciclo","estudio_costos_reportado","fecha_reporte_estudio","dias_adopcion","linea_base_2026","var_estrato_1_pct","var_estrato_2_pct","var_estrato_3_pct","var_estrato_4_pct","cu_anterior_688","cu_nuevo_1032","continuidad_hdia","continuidad_estado","ipuf_m3_susc_mes","ipuf_brecha","irca_pct","nivel_riesgo_ius","categoria_ius","descuento_calidad_pct","incentivo_eficiencia_pct","quality_flag","cobertura_reporte_pct","estado_objecion"
"1141","Empresa de Acueducto y Alcantarillado de Bogota - ESP","EAAB","Bogota D.C.","11","Bogota D.C.","11001","Segmento 1","2385410","E5","True","2026-08-02","142","completa","8,6","9,8","11,5","12,1","3876","4322","20,7","bajo_meta","13,03","7,03","6,74","4","Riesgo Alto","0,72","0","VERIFIED","100","sin_objecion"
"2171","Empresas Publicas de Medellin E.S.P.","EPM","Antioquia","05","Medellin","05001","Segmento 1","1352100","E5","True","2026-07-03","81","completa","4,1","4,6","5,4","5,7","3206","3379","21,6","bajo_meta","8,34","2,34","5,43","3","Riesgo Medio","2,91","0","VERIFIED","100","sin_objecion"
"2187","Empresas Municipales de Cali E.I.C.E. E.S.P.","EMCALI","Valle del Cauca","76","Cali","76001","Segmento 1","684200","E4","False",,,"parcial","6,8","7,7","9,1","9,6","2646","2887","20,2","bajo_meta","6,81","0,81","7,75","3","Riesgo Medio","1,87","0","NO_REPORT","62","sin_objecion"
"2244","Sociedad de Acueducto, Alcantarillado y Aseo de Barranquilla S.A. E.S.P.","Triple A","Atlantico","08","Barranquilla","08001","Segmento 1","612450","E6","True","2026-07-22","105","completa","7,2","8,2","9,6","10,1","2880","3156","22,6","bajo_meta","9","3","7,56","2","Riesgo Medio-Bajo","1","0","VERIFIED","100","sin_objecion"
"2209","Aguas de Cartagena S.A. E.S.P.","Acuacar","Bolivar","13","Cartagena","13001","Segmento 1","318900","E6","True","2026-06-02","162","completa","-1,8","-2","-2,3","-2,5","3800","3713","23","bajo_meta","8,59","2,59","5,57","2","Riesgo Medio-Bajo","2,03","0","VERIFIED","100","sin_objecion"
"2155","Acueducto Metropolitano de Bucaramanga S.A. E.S.P.","AMB","Santander","68","Bucaramanga","68001","Segmento 1","298100","E5","True","2026-05-27","169","parcial","10","11,3","13,3","14","3107","3520","22,2","bajo_meta","8,52","2,52","7,82","2","Riesgo Medio-Bajo","2,1","0","WARNING","88,5","sin_objecion"
"2289","Aguas Kpital Cucuta S.A. E.S.P. / EIS Cucuta","Aguas Kpital","Norte de Santander","54","Cucuta","54001","Segmento 1","215600","E5","True","2026-08-05","126","completa","5,1","5,8","6,8","7,1","3016","3221","20,5","bajo_meta","9,29","3,29","1,54","3","Riesgo Medio","2,95","0","VERIFIED","100","sin_objecion"
"2198","Empresa de Acueducto y Alcantarillado de Pereira S.A. E.S.P.","Aguas y Aguas","Risaralda","66","Pereira","66001","Segmento 1","178500","E6","True","2026-08-26","98","completa","8,1","9,2","10,8","11,3","3574","3960","19,1","bajo_meta","8,12","2,12","3,23","4","Riesgo Alto","1,46","0","VERIFIED","100","sin_objecion"
"2163","Empresa Ibaguerena de Acueducto y Alcantarillado IBAL S.A. E.S.P.","IBAL","Tolima","73","Ibague","73001","Segmento 1","162300","E5","True","2026-06-12","83","completa","-3,1","-3,5","-4,2","-4,4","3962","3796","19","bajo_meta","5,76","-0,24","2,13","4","Riesgo Alto","3,05","0","VERIFIED","100","sin_objecion"
"2221","Empresa de Servicios Publicos del Distrito de Santa Marta ESSMAR E.S.P.","ESSMAR","Magdalena","47","Santa Marta","47001","Segmento 1","134800","E5","True","2026-08-26","67","parcial","-2,5","-2,9","-3,4","-3,5","4011","3875","22,8","bajo_meta","6,23","0,23","2,04","2","Riesgo Medio-Bajo","2,31","0","WARNING","88,5","sin_objecion"
"2144","Aguas de Manizales S.A. E.S.P.","Aguas de Manizales","Caldas","17","Manizales","17001","Segmento 1","128400","E6","True","2026-06-03","143","completa","8","9","10,6","11,1","3578","3957","21","bajo_meta","12,23","6,23","5,33","4","Riesgo Alto","2,44","0","VERIFIED","100","sin_objecion"
"2177","Empresa de Obras Sanitarias de Pasto EMPOPASTO S.A. E.S.P.","EMPOPASTO","Narino","52","Pasto","52001","Segmento 1","108900","E5","True","2026-06-16","166","completa","1,6","1,9","2,2","2,3","3915","4001","21,6","bajo_meta","5,98","-0,02","1,13","3","Riesgo Medio","1,66","0","VERIFIED","100","sin_objecion"
"3101","Empresa de Acueducto y Alcantarillado de Villavicencio E.S.P.","EAAV","Meta","50","Villavicencio","50001","Segmento 2","98400","E6","True","2026-06-26","160","completa","-1,1","-1,2","-1,4","-1,5","2507","2472","21,3","bajo_meta","6,83","0,83","7,69","3","Riesgo Medio","1,04","0","VERIFIED","100","sin_objecion"
"3102","Empresas Publicas de Neiva E.S.P. - Las Ceibas","Las Ceibas","Huila","41","Neiva","41001","Segmento 2","92100","E5","True","2026-07-26","169","completa","2,1","2,4","2,8","2,9","2971","3054","19,8","bajo_meta","12,52","6,52","7,16","4","Riesgo Alto","1,96","0","VERIFIED","100","sin_objecion"
"3103","Empresas Publicas de Armenia E.S.P.","EPA","Quindio","63","Armenia","63001","Segmento 2","89500","E6","True","2026-07-18","103","completa","7","7,9","9,3","9,8","3744","4092","23,2","bajo_meta","5,67","-0,33","6,23","2","Riesgo Medio-Bajo","1,76","0","VERIFIED","100","sin_objecion"
"3104","Empresa de Servicios Publicos de Valledupar EMDUPAR S.A. E.S.P.","EMDUPAR","Cesar","20","Valledupar","20001","Segmento 2","87400","E5","True","2026-08-27","166","completa","3,8","4,2","5","5,2","3299","3464","20,7","bajo_meta","10,32","4,32","4,88","3","Riesgo Medio","2,18","0","VERIFIED","100","sin_objecion"
"3105","Veolia Aguas de Monteria S.A. E.S.P.","Veolia Monteria","Cordoba","23","Monteria","23001","Segmento 2","85600","E6","True","2026-05-19","138","completa","7,6","8,7","10,2","10,7","3209","3536","20,7","bajo_meta","8,37","2,37","2,56","3","Riesgo Medio","3","0","VERIFIED","100","sin_objecion"
"3106","Veolia Sabana S.A. E.S.P.","Veolia Sincelejo","Sucre","70","Sincelejo","70001","Segmento 2","79200","E5","True","2026-05-10","124","completa","7,9","8,9","10,5","11","3530","3901","19,4","bajo_meta","12,94","6,94","6,22","4","Riesgo Alto","0,71","0","VERIFIED","100","sin_objecion"
"3107","Empresa de Acueducto y Alcantarillado de Popayan S.A. E.S.P.","Acueducto Popayan","Cauca","19","Popayan","19001","Segmento 2","78400","E6","True","2026-05-27","146","parcial","-2","-2,2","-2,6","-2,7","2487","2422","22,1","bajo_meta","11,15","5,15","4,61","3","Riesgo Medio","2,82","0","WARNING","88,5","sin_objecion"
"3108","Veolia Aguas de Tunja S.A. E.S.P.","Veolia Tunja","Boyaca","15","Tunja","15001","Segmento 2","68500","E5","True","2026-04-07","97","parcial","-0,9","-1","-1,2","-1,3","3349","3309","19,7","bajo_meta","7,93","1,93","7,31","4","Riesgo Alto","2,65","0","WARNING","88,5","sin_objecion"
"3109","AquaOccidente S.A. E.S.P.","AquaOccidente","Valle del Cauca","76","Palmira","76520","Segmento 2","74300","E5","True","2026-04-04","100","completa","3,2","3,7","4,3","4,5","3993","4165","23,2","bajo_meta","5,62","-0,38","2,63","2","Riesgo Medio-Bajo","2,22","0","VERIFIED","100","sin_objecion"
"3110","Hidropacifico S.A. E.S.P.","Hidropacifico","Valle del Cauca","76","Buenaventura","76109","Segmento 2","69100","E4","False",,,"sin_reporte","7,7","8,8","10,3","10,8","3849","4245","23,2","bajo_meta","12,02","6,02","8,05","4","Riesgo Alto","1,84","0","NO_REPORT","62","sin_objecion"
"3111","Aguas del Valle del Aburra Norte Bello E.S.P.","Aguas Bello","Antioquia","05","Bello","05088","Segmento 2","95200","E6","True","2026-06-25","71","parcial","5,8","6,6","7,8","8,2","3486","3758","23,4","bajo_meta","12,95","6,95","2,1","4","Riesgo Alto","2,41","0","WARNING","88,5","sin_objecion"
"3112","Empresa Publica de Servicios de Soacha E.S.P.","EpSoacha","Cundinamarca","25","Soacha","25754","Segmento 2","98900","E3","False",,,"sin_reporte","4,1","4,7","5,5","5,8","2587","2729","23,6","bajo_meta","12,79","6,79","3,16","4","Riesgo Alto","1,4","0","NO_REPORT","62","sin_objecion"
"3113","Empresa de Alcantarillado y Aseo de Floridablanca EMPAS","EMPAS Floridablanca","Santander","68","Floridablanca","68276","Segmento 2","64200","E6","True","2026-07-09","61","completa","5,2","6","7","7,4","3130","3349","21,8","bajo_meta","8,19","2,19","8,45","3","Riesgo Medio","1,1","0","VERIFIED","100","sin_objecion"
"3114","Empresa de Servicios Publicos de Dosquebradas Serviciudad E.S.P.","Serviciudad","Risaralda","66","Dosquebradas","66170","Segmento 2","58900","E4","False",,,"sin_reporte","5,2","5,9","6,9","7,2","3305","3533","19,5","bajo_meta","12,95","6,95","7,44","4","Riesgo Alto","0,81","0","NO_REPORT","62","sin_objecion"
"3115","Empresas Publicas de Envigado E.S.P.","EP Envigado","Antioquia","05","Envigado","05266","Segmento 2","67300","E6","True","2026-07-11","102","parcial","9,6","10,9","12,8","13,4","2401","2708","23,3","bajo_meta","9,57","3,57","5,76","3","Riesgo Medio","1,98","0","WARNING","88,5","sin_objecion"
"3116","Empresa de Servicios de Itagui E.S.P.","ServiItagui","Antioquia","05","Itagui","05360","Segmento 2","72100","E5","True","2026-07-12","117","completa","5,8","6,6","7,8","8,2","3371","3634","22,6","bajo_meta","7,19","1,19","4,25","2","Riesgo Medio-Bajo","2,88","0","VERIFIED","100","sin_objecion"
"3117","Piedecuestana de Servicios Publicos E.S.P.","Piedecuestana","Santander","68","Piedecuesta","68547","Segmento 2","48200","E6","True","2026-08-15","142","parcial","3,4","3,9","4,6","4,8","3116","3259","20,7","bajo_meta","7,57","1,57","4,46","3","Riesgo Medio","2,47","0","WARNING","88,5","sin_objecion"
"3118","Aguas de Giron E.S.P.","Aguas Giron","Santander","68","Giron","68307","Segmento 2","52400","E6","True","2026-08-17","162","completa","1,8","2","2,4","2,5","3256","3334","22,9","bajo_meta","8,71","2,71","4,81","2","Riesgo Medio-Bajo","1,09","0","VERIFIED","100","sin_objecion"
"3119","Aqualia Riohacha S.A. E.S.P.","Aqualia Riohacha","La Guajira","44","Riohacha","44001","Segmento 2","49500","E4","False",,,"sin_reporte","5,9","6,7","7,9","8,3","3585","3868","21,9","bajo_meta","7,41","1,41","6,7","3","Riesgo Medio","1,82","0","NO_REPORT","62","en_objecion"
"3120","Compania de Servicios Publicos de Sogamoso COSERVICIOS S.A. E.S.P.","Coservicios","Boyaca","15","Sogamoso","15759","Segmento 2","45800","E5","True","2026-04-12","137","completa","6,8","7,7","9,1","9,6","3849","4199","23","bajo_meta","11,66","5,66","2,49","3","Riesgo Medio","1,81","0","VERIFIED","100","sin_objecion"
"3121","Empresa de Servicios Publicos de Duitama EMPODUITAMA S.A. E.S.P.","Empoduitama","Boyaca","15","Duitama","15238","Segmento 2","43900","E3","False",,,"sin_reporte","-3","-3,4","-4","-4,2","3442","3304","22,2","bajo_meta","11,17","5,17","1,59","3","Riesgo Medio","1,44","0","NO_REPORT","62","sin_objecion"
"3122","Aguas de Barrancabermeja S.A. E.S.P.","Aguas Barranca","Santander","68","Barrancabermeja","68081","Segmento 2","61200","E5","True","2026-05-26","142","completa","8,2","9,4","11","11,6","2665","2958","23,9","en_meta","6,58","0,58","2,31","1","Riesgo Bajo","0","1,26","VERIFIED","100","sin_objecion"
"3123","Aguas de Buga S.A. E.S.P.","Aguas Buga","Valle del Cauca","76","Buga","76111","Segmento 2","41200","E4","False",,,"sin_reporte","8,2","9,4","11","11,6","2778","3084","23,2","bajo_meta","10,97","4,97","5,28","3","Riesgo Medio","2,19","0","QUARANTINE","62","sin_objecion"
"3124","Empresas Municipales de Cartago E.S.P.","EMCARTAGO","Valle del Cauca","76","Cartago","76147","Segmento 2","42500","E6","True","2026-04-14","145","completa","8,6","9,8","11,5","12,1","3349","3734","21,2","bajo_meta","5,62","-0,38","1,79","3","Riesgo Medio","2,17","0","VERIFIED","100","sin_objecion"
"3125","Empresas Municipales de Tulua EMTULUA E.S.P.","EMTULUA","Valle del Cauca","76","Tulua","76834","Segmento 2","56800","E4","False",,,"sin_reporte","10","11,4","13,4","14,1","3753","4256","23,2","bajo_meta","13,74","7,74","2,23","4","Riesgo Alto","1,08","0","NO_REPORT","62","sin_objecion"
"3126","Empresa de Servicios Publicos de Chia EMSERCHIA E.S.P.","EMSERCHIA","Cundinamarca","25","Chia","25175","Segmento 2","47200","E5","True","2026-04-08","57","completa","4,6","5,2","6,1","6,4","3040","3225","21,4","bajo_meta","9,15","3,15","4,01","3","Riesgo Medio","1,26","0","VERIFIED","100","en_objecion"
"3127","Empresas Publicas de Zipaquira EPZ E.S.P.","EPZ","Cundinamarca","25","Zipaquira","25899","Segmento 2","44600","E5","True","2026-06-26","48","completa","2,5","2,8","3,3","3,5","3864","3992","23,6","bajo_meta","5,92","-0,08","7,61","2","Riesgo Medio-Bajo","0,55","0","VERIFIED","100","en_objecion"
"3128","Empresa de Servicios Publicos de Fusagasuga EMSERFUSA E.S.P.","EMSERFUSA","Cundinamarca","25","Fusagasuga","25290","Segmento 2","43800","E4","False",,,"sin_reporte","8","9","10,6","11,1","2260","2500","21,1","bajo_meta","10,01","4,01","6,58","3","Riesgo Medio","1,06","0","NO_REPORT","62","sin_objecion"
"4001","Empresa de Servicios Publicos de Apartado E.S.P.","EMPOAPART","Antioquia","05","Apartado","05001","Segmento 3","24835","E3","False",,,"parcial","2,8","3,1","3,7","3,9","4119","4271","22","en_meta","9","3","3,58","2","Riesgo Medio-Bajo","0","0","QUARANTINE","62","sin_objecion"
"4002","Empresa de Servicios Publicos de Mosquera E.S.P.","EMPOMOSQU","Cundinamarca","25","Mosquera","25002","Segmento 3","16010","E5","True","2026-06-25","174","completa","8,7","9,9","11,6","12,2","2522","2815","20,8","bajo_meta","9,16","3,16","8,15","3","Riesgo Medio","2,64","0","VERIFIED","100","sin_objecion"
"4003","Empresa de Servicios Publicos de Zarzal E.S.P.","EMPOZARZA","Valle del Cauca","76","Zarzal","76003","Segmento 3","15940","E6","True","2026-07-01","63","completa","-2,5","-2,8","-3,3","-3,5","3332","3222","19,4","bajo_meta","7,76","1,76","4,11","4","Riesgo Alto","0,68","0","VERIFIED","100","sin_objecion"
"4004","Empresa de Servicios Publicos de Gigante E.S.P.","EMPOGIGAN","Huila","41","Gigante","41004","Segmento 3","15482","E5","True","2026-04-26","102","completa","5,3","6","7,1","7,5","3779","4047","20,4","bajo_meta","7,2","1,2","2,87","3","Riesgo Medio","1,86","0","VERIFIED","100","sin_objecion"
"4005","Empresa de Servicios Publicos de Tibu E.S.P.","EMPOTIBU","Norte de Santander","54","Tibu","54005","Segmento 3","15523","E4","False",,,"sin_reporte","7,7","8,8","10,3","10,8","3269","3606","23,9","en_meta","11,39","5,39","8,37","3","Riesgo Medio","0,54","0","NO_REPORT","62","sin_objecion"
"4006","Empresa de Servicios Publicos de Tumaco E.S.P.","EMPOTUMAC","Narino","52","Tumaco","52006","Segmento 3","20721","E4","False",,,"sin_reporte","2,3","2,6","3,1","3,3","3373","3478","21,2","bajo_meta","13,99","7,99","7,12","4","Riesgo Alto","0,98","0","NO_REPORT","62","sin_objecion"
"4007","Empresa de Servicios Publicos de Piendamo E.S.P.","EMPOPIEND","Cauca","19","Piendamo","19007","Segmento 3","26196","E6","True","2026-06-19","84","completa","3,7","4,2","4,9","5,1","3102","3254","21,2","bajo_meta","8,22","2,22","3,64","3","Riesgo Medio","0,6","0","VERIFIED","100","sin_objecion"
"4008","Empresa de Servicios Publicos de Espinal E.S.P.","EMPOESPIN","Tolima","73","Espinal","73008","Segmento 3","19921","E3","False",,,"sin_reporte","9,3","10,5","12,4","13","2821","3171","19,8","bajo_meta","10,33","4,33","7,46","4","Riesgo Alto","2,15","0","QUARANTINE","62","sin_objecion"
"4009","Empresa de Servicios Publicos de Chiriguana E.S.P.","EMPOCHIRI","Cesar","20","Chiriguana","20009","Segmento 3","25116","E5","True","2026-08-10","94","parcial","8,9","10","11,8","12,4","2552","2853","22,8","en_meta","6,45","0,45","2,14","2","Riesgo Medio-Bajo","0","0","WARNING","88,5","sin_objecion"
"4010","Empresa de Servicios Publicos de Planeta Rica E.S.P.","EMPOPLANE","Cordoba","23","Planeta Rica","23010","Segmento 3","22939","E3","False",,,"sin_reporte","2,2","2,5","2,9","3","3603","3708","21,3","bajo_meta","5,76","-0,24","2,99","3","Riesgo Medio","0,86","0","QUARANTINE","62","sin_objecion"
"4011","Empresa de Servicios Publicos de San Marcos E.S.P.","EMPOSAN M","Sucre","70","San Marcos","70011","Segmento 3","22255","E5","True","2026-05-04","55","completa","6,7","7,6","8,9","9,3","3504","3816","21,6","bajo_meta","11,15","5,15","2,91","3","Riesgo Medio","1,96","0","VERIFIED","100","sin_objecion"
"4012","Empresa de Servicios Publicos de Arjona E.S.P.","EMPOARJON","Bolivar","13","Arjona","13012","Segmento 3","19036","E5","True","2026-04-05","91","parcial","10,4","11,8","13,9","14,6","3680","4192","23","en_meta","6,3","0,3","4,8","2","Riesgo Medio-Bajo","0","0","WARNING","88,5","sin_objecion"
"4013","Empresa de Servicios Publicos de El Banco E.S.P.","EMPOEL BA","Magdalena","47","El Banco","47013","Segmento 3","15945","E6","True","2026-08-22","141","parcial","4,7","5,4","6,3","6,6","3678","3910","19,6","bajo_meta","9,95","3,95","3,02","4","Riesgo Alto","2,94","0","WARNING","88,5","sin_objecion"
"4014","Empresa de Servicios Publicos de Belen de Umbria E.S.P.","EMPOBELEN","Risaralda","66","Belen de Umbria","66014","Segmento 3","21515","E5","True","2026-08-24","71","completa","4,4","5","5,9","6,2","3212","3401","22,1","en_meta","12,28","6,28","1,56","4","Riesgo Alto","2,13","0","VERIFIED","100","sin_objecion"
"4015","Empresa de Servicios Publicos de Quimbaya E.S.P.","EMPOQUIMB","Quindio","63","Quimbaya","63015","Segmento 3","24085","E5","True","2026-07-16","73","completa","2,2","2,6","3","3,2","4050","4172","22,5","en_meta","8,76","2,76","6,88","2","Riesgo Medio-Bajo","0","0","VERIFIED","100","sin_objecion"
"4016","Empresa de Servicios Publicos de Chinchina E.S.P.","EMPOCHINC","Caldas","17","Chinchina","17016","Segmento 3","29092","E6","True","2026-04-25","112","parcial","-1,8","-2,1","-2,5","-2,6","4324","4216","19,6","bajo_meta","9,42","3,42","3,23","4","Riesgo Alto","2,18","0","WARNING","88,5","sin_objecion"
"4017","Empresa de Servicios Publicos de Paipa E.S.P.","EMPOPAIPA","Boyaca","15","Paipa","15017","Segmento 3","18256","E4","False",,,"sin_reporte","2,3","2,6","3,1","3,3","3684","3798","22,3","en_meta","11,1","5,1","8,01","3","Riesgo Medio","1,65","0","QUARANTINE","62","sin_objecion"
"4018","Empresa de Servicios Publicos de Yopal E.S.P.","EMPOYOPAL","Casanare","85","Yopal","85018","Segmento 3","17384","E4","False",,,"sin_reporte","6,1","6,9","8,1","8,5","3378","3652","23,7","en_meta","11,89","5,89","7,27","3","Riesgo Medio","2,11","0","QUARANTINE","62","sin_objecion"
"4019","Empresa de Servicios Publicos de Tame E.S.P.","EMPOTAME","Arauca","81","Tame","81019","Segmento 3","21369","E6","True","2026-05-05","108","completa","9","10,2","12","12,6","3544","3969","22,2","en_meta","5,5","-0,5","7,86","2","Riesgo Medio-Bajo","0","0","VERIFIED","100","sin_objecion"
"4020","Empresa de Servicios Publicos de Quibdo E.S.P.","EMPOQUIBD","Choco","27","Quibdo","27020","Segmento 3","22760","E5","True","2026-07-25","150","completa","-0,5","-0,6","-0,7","-0,7","3714","3688","22,2","en_meta","7,48","1,48","6,53","2","Riesgo Medio-Bajo","0","0","VERIFIED","100","sin_objecion"
"4021","Empresa de Servicios Publicos de San Vicente del Caguan E.S.P.","EMPOSAN V","Caqueta","18","San Vicente del Caguan","18021","Segmento 3","20902","E4","False",,,"sin_reporte","7,8","8,8","10,4","10,9","3666","4047","21,4","bajo_meta","13,19","7,19","3,7","4","Riesgo Alto","1,22","0","NO_REPORT","62","sin_objecion"
"4022","Empresa de Servicios Publicos de La Ceja E.S.P.","EMPOLA CE","Antioquia","05","La Ceja","05022","Segmento 3","25103","E4","False",,,"parcial","-0,7","-0,8","-1","-1","3681","3644","23,8","en_meta","9,18","3,18","1,52","2","Riesgo Medio-Bajo","2,01","0","QUARANTINE","62","sin_objecion"
"4023","Empresa de Servicios Publicos de Ubate E.S.P.","EMPOUBATE","Cundinamarca","25","Ubate","25023","Segmento 3","18182","E6","True","2026-05-08","94","completa","9,2","10,5","12,3","12,9","2689","3020","21,1","bajo_meta","7,91","1,91","6,07","3","Riesgo Medio","2,72","0","VERIFIED","100","sin_objecion"
"4024","Empresa de Servicios Publicos de Jamundi E.S.P.","EMPOJAMUN","Valle del Cauca","76","Jamundi","76024","Segmento 3","18177","E4","False",,,"parcial","8,5","9,6","11,3","11,9","2564","2854","19,3","bajo_meta","6,09","0,09","4,54","4","Riesgo Alto","2,03","0","NO_REPORT","62","sin_objecion"
"4025","Empresa de Servicios Publicos de Gigante E.S.P.","EMPOGIGAN","Huila","41","Gigante","41025","Segmento 3","24031","E5","True","2026-07-03","138","completa","9,4","10,6","12,5","13,1","3432","3861","21,6","bajo_meta","12,34","6,34","2,98","4","Riesgo Alto","1,01","0","VERIFIED","100","sin_objecion"
"4026","Empresa de Servicios Publicos de Tibu E.S.P.","EMPOTIBU","Norte de Santander","54","Tibu","54026","Segmento 3","24572","E4","False",,,"parcial","9,7","11","12,9","13,5","2985","3370","23,8","en_meta","6,01","0,01","1,59","1","Riesgo Bajo","0","1,11","NO_REPORT","62","sin_objecion"
"4027","Empresa de Servicios Publicos de Tuquerres E.S.P.","EMPOTUQUE","Narino","52","Tuquerres","52027","Segmento 3","18339","E3","False",,,"sin_reporte","7,5","8,5","10","10,5","3252","3577","19,7","bajo_meta","11,86","5,86","4,52","4","Riesgo Alto","1,58","0","NO_REPORT","62","sin_objecion"
"4028","Empresa de Servicios Publicos de Santander de Quilichao E.S.P.","EMPOSANTA","Cauca","19","Santander de Quilichao","19028","Segmento 3","27042","E5","True","2026-08-18","89","completa","5,1","5,8","6,8","7,1","3026","3232","20,5","bajo_meta","12,89","6,89","7,52","4","Riesgo Alto","2,83","0","VERIFIED","100","sin_objecion"
"4029","Empresa de Servicios Publicos de Libano E.S.P.","EMPOLIBAN","Tolima","73","Libano","73029","Segmento 3","17080","E5","True","2026-05-16","55","parcial","10,4","11,7","13,8","14,5","2816","3205","22,7","en_meta","6,88","0,88","7,25","2","Riesgo Medio-Bajo","0","0","WARNING","88,5","sin_objecion"
"4030","Empresa de Servicios Publicos de Aguachica E.S.P.","EMPOAGUAC","Cesar","20","Aguachica","20030","Segmento 3","19228","E5","True","2026-04-06","69","completa","5,8","6,6","7,8","8,2","3775","4069","23","en_meta","10,04","4,04","3,52","3","Riesgo Medio","2,61","0","VERIFIED","100","sin_objecion"
"4031","Empresa de Servicios Publicos de Lorica E.S.P.","EMPOLORIC","Cordoba","23","Lorica","23031","Segmento 3","26755","E6","True","2026-07-04","137","completa","2,5","2,8","3,3","3,5","3700","3822","22,2","en_meta","13,88","7,88","1,41","4","Riesgo Alto","2,9","0","VERIFIED","100","sin_objecion"
"4032","Empresa de Servicios Publicos de San Onofre E.S.P.","EMPOSAN O","Sucre","70","San Onofre","70032","Segmento 3","29279","E5","True","2026-08-17","105","completa","6,3","7,1","8,4","8,8","3661","3969","20,5","bajo_meta","5,78","-0,22","4,21","3","Riesgo Medio","2,72","0","VERIFIED","100","sin_objecion"
"4033","Empresa de Servicios Publicos de El Carmen de Bolivar E.S.P.","EMPOEL CA","Bolivar","13","El Carmen de Bolivar","13033","Segmento 3","28678","E5","True","2026-08-11","87","completa","5,1","5,8","6,8","7,1","3500","3738","19,1","bajo_meta","6,18","0,18","1,99","4","Riesgo Alto","2,55","0","VERIFIED","100","sin_objecion"
"4034","Empresa de Servicios Publicos de Aracataca E.S.P.","EMPOARACA","Magdalena","47","Aracataca","47034","Segmento 3","29372","E6","True","2026-07-03","161","parcial","7","8","9,4","9,9","2874","3144","19,4","bajo_meta","5,56","-0,44","6,41","4","Riesgo Alto","3,19","0","WARNING","88,5","sin_objecion"
"4035","Empresa de Servicios Publicos de Belen de Umbria E.S.P.","EMPOBELEN","Risaralda","66","Belen de Umbria","66035","Segmento 3","28228","E6","True","2026-04-11","158","completa","5,8","6,6","7,8","8,2","3613","3895","22,4","en_meta","10,62","4,62","6,14","3","Riesgo Medio","1,88","0","VERIFIED","100","sin_objecion"
"4036","Empresa de Servicios Publicos de Calarca E.S.P.","EMPOCALAR","Quindio","63","Calarca","63036","Segmento 3","15846","E5","True","2026-04-05","90","completa","8,6","9,7","11,4","12","2329","2595","19,7","bajo_meta","8,27","2,27","1,08","4","Riesgo Alto","3,08","0","VERIFIED","100","sin_objecion"
"4037","Empresa de Servicios Publicos de Villamaria E.S.P.","EMPOVILLA","Caldas","17","Villamaria","17037","Segmento 3","16081","E4","False",,,"sin_reporte","2,7","3,1","3,6","3,8","3383","3505","20,9","bajo_meta","9,29","3,29","8,13","3","Riesgo Medio","1,43","0","QUARANTINE","62","sin_objecion"
"4038","Empresa de Servicios Publicos de Moniquira E.S.P.","EMPOMONIQ","Boyaca","15","Moniquira","15038","Segmento 3","26720","E5","True","2026-07-04","105","completa","-0,9","-1","-1,2","-1,3","3262","3223","20,8","bajo_meta","6,22","0,22","7,95","3","Riesgo Medio","2,78","0","VERIFIED","100","sin_objecion"
"4039","Empresa de Servicios Publicos de Yopal E.S.P.","EMPOYOPAL","Casanare","85","Yopal","85039","Segmento 3","15757","E5","True","2026-04-05","65","completa","2,7","3,1","3,6","3,8","3735","3869","21,6","bajo_meta","6,62","0,62","3,6","3","Riesgo Medio","2,27","0","VERIFIED","100","sin_objecion"
"4040","Empresa de Servicios Publicos de Tame E.S.P.","EMPOTAME","Arauca","81","Tame","81040","Segmento 3","23339","E6","True","2026-06-03","101","completa","9,1","10,4","12,2","12,8","3403","3818","19,1","bajo_meta","13,09","7,09","0,96","4","Riesgo Alto","1,01","0","VERIFIED","100","sin_objecion"
"4041","Empresa de Servicios Publicos de Istmina E.S.P.","EMPOISTMI","Choco","27","Istmina","27041","Segmento 3","20394","E4","False",,,"sin_reporte","8,7","9,9","11,6","12,2","3056","3411","21,6","bajo_meta","13,71","7,71","4,56","4","Riesgo Alto","2,8","0","NO_REPORT","62","sin_objecion"
"4042","Empresa de Servicios Publicos de Florencia E.S.P.","EMPOFLORE","Caqueta","18","Florencia","18042","Segmento 3","24606","E5","True","2026-08-18","59","completa","2,6","3","3,5","3,7","3125","3234","19,2","bajo_meta","12,3","6,3","2,91","4","Riesgo Alto","1,86","0","VERIFIED","100","sin_objecion"
"4043","Empresa de Servicios Publicos de Amaga E.S.P.","EMPOAMAGA","Antioquia","05","Amaga","05043","Segmento 3","17884","E5","True","2026-08-14","64","completa","-2,3","-2,6","-3,1","-3,2","3760","3643","22,9","en_meta","8,7","2,7","1,89","2","Riesgo Medio-Bajo","0","0","VERIFIED","100","sin_objecion"
"4044","Empresa de Servicios Publicos de Cota E.S.P.","EMPOCOTA","Cundinamarca","25","Cota","25044","Segmento 3","23033","E5","True","2026-06-13","167","completa","2","2,2","2,6","2,7","3375","3463","20,9","bajo_meta","7,87","1,87","8,1","3","Riesgo Medio","2,09","0","VERIFIED","100","sin_objecion"
"4045","Empresa de Servicios Publicos de Pradera E.S.P.","EMPOPRADE","Valle del Cauca","76","Pradera","76045","Segmento 3","25216","E5","True","2026-05-01","165","completa","7","7,9","9,3","9,8","3476","3799","23,6","en_meta","6,2","0,2","3,16","2","Riesgo Medio-Bajo","0","0","VERIFIED","100","sin_objecion"
"4046","Empresa Municipal de Acueducto de Piendamo E.S.P.","AGUAS-PIENDA","Cauca","19","Piendamo","19101","Segmento 4","11396","E3","False",,,"parcial","-1,6","-1,8","-2,1","-2,2","2686","2630","22","en_meta","9,54","3,54","7,86","3","Riesgo Medio","1,53","0","QUARANTINE","62","sin_objecion"
"4047","Empresa Municipal de Acueducto de Flandes E.S.P.","AGUAS-FLANDE","Tolima","73","Flandes","73102","Segmento 4","11304","E4","False",,,"sin_reporte","3","3,4","4","4,2","3706","3854","19,7","bajo_meta","7,92","1,92","0,86","4","Riesgo Alto","1,34","0","NO_REPORT","62","sin_objecion"
"4048","Empresa Municipal de Acueducto de Chiriguana E.S.P.","AGUAS-CHIRIG","Cesar","20","Chiriguana","20103","Segmento 4","11047","E5","True","2026-05-02","45","completa","5,7","6,5","7,6","8","3400","3658","23,8","en_meta","10,81","4,81","7,64","3","Riesgo Medio","0,78","0","VERIFIED","100","sin_objecion"
"4049","Empresa Municipal de Acueducto de Cerete E.S.P.","AGUAS-CERETE","Cordoba","23","Cerete","23104","Segmento 4","12352","E4","False",,,"sin_reporte","5,4","6,1","7,2","7,6","3264","3499","20,6","bajo_meta","12,34","6,34","4,88","4","Riesgo Alto","2,66","0","QUARANTINE","62","sin_objecion"
"4050","Empresa Municipal de Acueducto de Corozal E.S.P.","AGUAS-COROZA","Sucre","70","Corozal","70105","Segmento 4","6348","E5","True","2026-08-08","57","completa","5,5","6,2","7,3","7,7","3543","3802","22,9","en_meta","10,64","4,64","3,29","3","Riesgo Medio","2,4","0","VERIFIED","100","sin_objecion"
"4051","Empresa Municipal de Acueducto de El Carmen de Bolivar Sector 6 E.S.P.","AGUAS-ELCARM","Bolivar","13","El Carmen de Bolivar Sector 6","13106","Segmento 4","8571","E5","True","2026-05-11","55","completa","6,8","7,7","9,1","9,6","3550","3873","22","en_meta","12,98","6,98","5,63","4","Riesgo Alto","1,35","0","VERIFIED","100","sin_objecion"
"4052","Empresa Municipal de Acueducto de Fundacion Sector 7 E.S.P.","AGUAS-FUNDAC","Magdalena","47","Fundacion Sector 7","47107","Segmento 4","11246","E5","True","2026-07-26","104","completa","8,9","10,1","11,9","12,5","2715","3038","22","en_meta","13,36","7,36","1,03","4","Riesgo Alto","1,39","0","VERIFIED","100","sin_objecion"
"4053","Empresa Municipal de Acueducto de Santa Rosa de Cabal Sector 8 E.S.P.","AGUAS-SANTAR","Risaralda","66","Santa Rosa de Cabal Sector 8","66108","Segmento 4","14798","E5","True","2026-04-13","67","completa","3,6","4,1","4,8","5","3805","3988","22,1","en_meta","9,67","3,67","5,62","3","Riesgo Medio","2,15","0","VERIFIED","100","sin_objecion"
"4054","Empresa Municipal de Acueducto de Quimbaya Sector 9 E.S.P.","AGUAS-QUIMBA","Quindio","63","Quimbaya Sector 9","63109","Segmento 4","6699","E6","True","2026-05-20","173","completa","2,2","2,5","2,9","3","4363","4490","21,4","bajo_meta","6,79","0,79","7,96","3","Riesgo Medio","1,34","0","VERIFIED","100","sin_objecion"
"4055","Empresa Municipal de Acueducto de La Dorada Sector 10 E.S.P.","AGUAS-LADORA","Caldas","17","La Dorada Sector 10","17110","Segmento 4","14565","E4","False",,,"sin_reporte","-2","-2,3","-2,7","-2,8","3529","3434","21,2","bajo_meta","8,46","2,46","7,94","3","Riesgo Medio","2,84","0","QUARANTINE","62","sin_objecion"
"4056","Empresa Municipal de Acueducto de Moniquira Sector 11 E.S.P.","AGUAS-MONIQU","Boyaca","15","Moniquira Sector 11","15111","Segmento 4","10849","E6","True","2026-06-22","47","completa","3,4","3,8","4,5","4,7","3825","3997","21,3","bajo_meta","10,19","4,19","5,03","3","Riesgo Medio","1,53","0","VERIFIED","100","sin_objecion"
"4057","Empresa Municipal de Acueducto de Yopal Sector 12 E.S.P.","AGUAS-YOPALS","Casanare","85","Yopal Sector 12","85112","Segmento 4","13590","E4","False",,,"sin_reporte","6,4","7,2","8,5","8,9","3890","4221","22,8","en_meta","11,17","5,17","4,34","3","Riesgo Medio","1,93","0","NO_REPORT","62","sin_objecion"
"4058","Empresa Municipal de Acueducto de Arauca Sector 13 E.S.P.","AGUAS-ARAUCA","Arauca","81","Arauca Sector 13","81113","Segmento 4","10574","E5","True","2026-07-05","105","parcial","-1,3","-1,5","-1,7","-1,8","3703","3640","22,9","en_meta","6,85","0,85","3,47","2","Riesgo Medio-Bajo","0","0","WARNING","88,5","sin_objecion"
"4059","Empresa Municipal de Acueducto de Quibdo Sector 14 E.S.P.","AGUAS-QUIBDO","Choco","27","Quibdo Sector 14","27114","Segmento 4","13374","E4","False",,,"parcial","6,2","7,1","8,3","8,7","2812","3045","23,3","en_meta","5,89","-0,11","7,35","2","Riesgo Medio-Bajo","0","0","NO_REPORT","62","en_objecion"
"4060","Empresa Municipal de Acueducto de San Vicente del Caguan Sector 15 E.S.P.","AGUAS-SANVIC","Caqueta","18","San Vicente del Caguan Sector 15","18115","Segmento 4","8319","E3","False",,,"sin_reporte","3,5","4","4,7","4,9","3170","3319","21,3","bajo_meta","7,54","1,54","1,19","3","Riesgo Medio","2,81","0","QUARANTINE","62","sin_objecion"
"4061","Empresa Municipal de Acueducto de Caucasia Sector 16 E.S.P.","AGUAS-CAUCAS","Antioquia","05","Caucasia Sector 16","05116","Segmento 4","10505","E4","False",,,"sin_reporte","3,2","3,6","4,2","4,4","3361","3502","20,7","bajo_meta","6,98","0,98","8,21","3","Riesgo Medio","0,8","0","QUARANTINE","62","sin_objecion"
"4062","Empresa Municipal de Acueducto de Tocancipa Sector 17 E.S.P.","AGUAS-TOCANC","Cundinamarca","25","Tocancipa Sector 17","25117","Segmento 4","13778","E6","True","2026-08-05","126","parcial","4,4","5","5,9","6,2","3786","4009","22,5","en_meta","10,51","4,51","8,08","3","Riesgo Medio","1,44","0","WARNING","88,5","sin_objecion"
"4063","Empresa Municipal de Acueducto de Caicedonia Sector 18 E.S.P.","AGUAS-CAICED","Valle del Cauca","76","Caicedonia Sector 18","76118","Segmento 4","13388","E3","False",,,"parcial","4","4,5","5,3","5,6","2982","3140","22,1","en_meta","7,79","1,79","3,19","2","Riesgo Medio-Bajo","0","0","NO_REPORT","62","sin_objecion"
"4064","Empresa Municipal de Acueducto de Garzon Sector 19 E.S.P.","AGUAS-GARZON","Huila","41","Garzon Sector 19","41119","Segmento 4","10563","E4","False",,,"sin_reporte","8,7","9,9","11,6","12,2","3231","3606","22,6","en_meta","9,02","3,02","1,01","2","Riesgo Medio-Bajo","2,17","0","NO_REPORT","62","sin_objecion"
"4065","Empresa Municipal de Acueducto de El Zulia Sector 20 E.S.P.","AGUAS-ELZULI","Norte de Santander","54","El Zulia Sector 20","54120","Segmento 4","13734","E4","False",,,"parcial","4,4","5","5,9","6,2","2916","3088","19,2","bajo_meta","6,75","0,75","1,12","4","Riesgo Alto","1,06","0","QUARANTINE","62","sin_objecion"
"4066","Empresa Municipal de Acueducto de Samaniego Sector 21 E.S.P.","AGUAS-SAMANI","Narino","52","Samaniego Sector 21","52121","Segmento 4","5428","E4","False",,,"sin_reporte","5,6","6,4","7,5","7,9","3859","4148","20,6","bajo_meta","9,19","3,19","3,27","3","Riesgo Medio","1,99","0","NO_REPORT","62","en_objecion"
"4067","Empresa Municipal de Acueducto de Patia Sector 22 E.S.P.","AGUAS-PATIAS","Cauca","19","Patia Sector 22","19122","Segmento 4","8739","E4","False",,,"sin_reporte","9,5","10,8","12,7","13,3","3262","3676","21,8","en_meta","10,16","4,16","8,23","3","Riesgo Medio","1,35","0","QUARANTINE","62","sin_objecion"
"4068","Empresa Municipal de Acueducto de Libano Sector 23 E.S.P.","AGUAS-LIBANO","Tolima","73","Libano Sector 23","73123","Segmento 4","11121","E5","True","2026-04-25","122","parcial","9,4","10,6","12,5","13,1","2406","2707","19,7","bajo_meta","11,43","5,43","1,45","4","Riesgo Alto","1,49","0","WARNING","88,5","sin_objecion"
"4069","Empresa Municipal de Acueducto de Bosconia Sector 24 E.S.P.","AGUAS-BOSCON","Cesar","20","Bosconia Sector 24","20124","Segmento 4","13299","E5","True","2026-07-13","165","parcial","4,9","5,5","6,5","6,8","2787","2968","21,6","bajo_meta","7,48","1,48","3,06","3","Riesgo Medio","1,21","0","WARNING","88,5","sin_objecion"
"4070","Empresa Municipal de Acueducto de Montelibano Sector 25 E.S.P.","AGUAS-MONTEL","Cordoba","23","Montelibano Sector 25","23125","Segmento 4","7885","E6","True","2026-08-20","73","completa","10,4","11,8","13,9","14,6","3114","3547","21,6","bajo_meta","8,63","2,63","1,5","3","Riesgo Medio","2,84","0","VERIFIED","100","en_objecion"
"4071","Empresa Municipal de Acueducto de Tolu Sector 26 E.S.P.","AGUAS-TOLUSE","Sucre","70","Tolu Sector 26","70126","Segmento 4","14005","E5","True","2026-04-24","64","completa","-1,4","-1,6","-1,9","-2","3766","3694","21,5","bajo_meta","11,66","5,66","5,64","3","Riesgo Medio","2,2","0","VERIFIED","100","sin_objecion"
"4072","Empresa Municipal de Acueducto de Turbaco Sector 27 E.S.P.","AGUAS-TURBAC","Bolivar","13","Turbaco Sector 27","13127","Segmento 4","12492","E3","False",,,"sin_reporte","10","11,4","13,4","14,1","3378","3831","23,6","en_meta","10,28","4,28","2,65","3","Riesgo Medio","1,05","0","NO_REPORT","62","sin_objecion"
"4073","Empresa Municipal de Acueducto de Aracataca Sector 28 E.S.P.","AGUAS-ARACAT","Magdalena","47","Aracataca Sector 28","47128","Segmento 4","11968","E4","False",,,"sin_reporte","9,4","10,7","12,6","13,2","3231","3638","21,9","en_meta","9,04","3,04","2,16","3","Riesgo Medio","1,52","0","NO_REPORT","62","sin_objecion"
"4074","Empresa Municipal de Acueducto de Santa Rosa de Cabal Sector 29 E.S.P.","AGUAS-SANTAR","Risaralda","66","Santa Rosa de Cabal Sector 29","66129","Segmento 4","6996","E5","True","2026-05-24","53","completa","10,3","11,6","13,7","14,4","2529","2876","23","en_meta","6,09","0,09","8","2","Riesgo Medio-Bajo","0","0","VERIFIED","100","sin_objecion"
"4075","Empresa Municipal de Acueducto de Montenegro Sector 30 E.S.P.","AGUAS-MONTEN","Quindio","63","Montenegro Sector 30","63130","Segmento 4","5830","E6","True","2026-06-14","91","parcial","4,6","5,3","6,2","6,5","2726","2895","22,7","en_meta","8,47","2,47","0,8","2","Riesgo Medio-Bajo","0","0","WARNING","88,5","sin_objecion"
"4076","Empresa Municipal de Acueducto de Anserma Sector 31 E.S.P.","AGUAS-ANSERM","Caldas","17","Anserma Sector 31","17131","Segmento 4","11437","E6","True","2026-06-17","97","completa","-1,7","-1,9","-2,2","-2,4","2903","2839","21,7","bajo_meta","5,6","-0,4","7,14","3","Riesgo Medio","1,47","0","VERIFIED","100","sin_objecion"
"4077","Empresa Municipal de Acueducto de Puerto Boyaca Sector 32 E.S.P.","AGUAS-PUERTO","Boyaca","15","Puerto Boyaca Sector 32","15132","Segmento 4","11226","E5","True","2026-06-02","138","parcial","7","7,9","9,3","9,8","2712","2964","20,1","bajo_meta","5,75","-0,25","8,16","3","Riesgo Medio","3,06","0","WARNING","88,5","sin_objecion"
"4078","Empresa Municipal de Acueducto de Yopal Sector 33 E.S.P.","AGUAS-YOPALS","Casanare","85","Yopal Sector 33","85133","Segmento 4","8630","E5","True","2026-05-10","72","completa","-1,9","-2,2","-2,6","-2,7","3642","3547","23,6","en_meta","12,55","6,55","2,25","4","Riesgo Alto","1,84","0","VERIFIED","100","sin_objecion"
"4079","Empresa Municipal de Acueducto de Arauca Sector 34 E.S.P.","AGUAS-ARAUCA","Arauca","81","Arauca Sector 34","81134","Segmento 4","5066","E3","False",,,"sin_reporte","8,7","9,9","11,6","12,2","3528","3937","21,7","bajo_meta","7,94","1,94","2,79","3","Riesgo Medio","2,55","0","NO_REPORT","62","sin_objecion"
"4080","Empresa Municipal de Acueducto de Istmina Sector 35 E.S.P.","AGUAS-ISTMIN","Choco","27","Istmina Sector 35","27135","Segmento 4","9895","E6","True","2026-06-17","59","completa","7,4","8,4","9,9","10,4","3200","3517","21,8","en_meta","10,44","4,44","0,84","3","Riesgo Medio","1,95","0","VERIFIED","100","sin_objecion"
"4081","Empresa Municipal de Acueducto de Florencia Sector 36 E.S.P.","AGUAS-FLOREN","Caqueta","18","Florencia Sector 36","18136","Segmento 4","5400","E5","True","2026-05-18","98","completa","-1,8","-2","-2,4","-2,5","2915","2845","22,2","en_meta","7,66","1,66","4,59","2","Riesgo Medio-Bajo","0","0","VERIFIED","100","sin_objecion"
"4082","Empresa Municipal de Acueducto de Marinilla Sector 37 E.S.P.","AGUAS-MARINI","Antioquia","05","Marinilla Sector 37","05137","Segmento 4","13455","E5","True","2026-04-20","154","completa","6,8","7,6","9","9,5","3025","3297","20","bajo_meta","7,84","1,84","6,84","3","Riesgo Medio","1,73","0","VERIFIED","100","sin_objecion"
"4083","Empresa Municipal de Acueducto de Villeta Sector 38 E.S.P.","AGUAS-VILLET","Cundinamarca","25","Villeta Sector 38","25138","Segmento 4","6125","E3","False",,,"parcial","10","11,4","13,4","14,1","3213","3644","19,9","bajo_meta","6,94","0,94","4,79","4","Riesgo Alto","2,95","0","QUARANTINE","62","sin_objecion"
"4084","Empresa Municipal de Acueducto de Pradera Sector 39 E.S.P.","AGUAS-PRADER","Valle del Cauca","76","Pradera Sector 39","76139","Segmento 4","12253","E3","False",,,"sin_reporte","8,2","9,4","11","11,6","3850","4273","19,2","bajo_meta","10,97","4,97","0,93","4","Riesgo Alto","3,06","0","NO_REPORT","62","sin_objecion"
"4085","Empresa Municipal de Acueducto de Garzon Sector 40 E.S.P.","AGUAS-GARZON","Huila","41","Garzon Sector 40","41140","Segmento 4","13897","E5","True","2026-08-12","101","completa","7","8","9,4","9,9","2878","3148","20","bajo_meta","12,08","6,08","7,48","4","Riesgo Alto","3,06","0","VERIFIED","100","sin_objecion"
"4086","Empresa Municipal de Acueducto de El Zulia Sector 41 E.S.P.","AGUAS-ELZULI","Norte de Santander","54","El Zulia Sector 41","54141","Segmento 4","13076","E5","True","2026-06-04","84","completa","10,1","11,5","13,5","14,2","3500","3973","23,3","en_meta","5,65","-0,35","8,18","2","Riesgo Medio-Bajo","0","0","VERIFIED","100","sin_objecion"
"4087","Empresa Municipal de Acueducto de Tumaco Sector 42 E.S.P.","AGUAS-TUMACO","Narino","52","Tumaco Sector 42","52142","Segmento 4","8633","E3","False",,,"parcial","9,2","10,5","12,3","12,9","3546","3982","20,9","bajo_meta","6,56","0,56","6,77","3","Riesgo Medio","0,58","0","QUARANTINE","62","sin_objecion"
"4088","Empresa Municipal de Acueducto de Puerto Tejada Sector 43 E.S.P.","AGUAS-PUERTO","Cauca","19","Puerto Tejada Sector 43","19143","Segmento 4","8613","E6","True","2026-06-19","59","parcial","-2,8","-3,1","-3,7","-3,9","3451","3323","20","bajo_meta","11,97","5,97","7,33","3","Riesgo Medio","1,46","0","WARNING","88,5","sin_objecion"
"4089","Empresa Municipal de Acueducto de Chaparral Sector 44 E.S.P.","AGUAS-CHAPAR","Tolima","73","Chaparral Sector 44","73144","Segmento 4","11319","E6","True","2026-07-09","163","parcial","6,4","7,2","8,5","8,9","3249","3525","20,3","bajo_meta","9,54","3,54","3,82","3","Riesgo Medio","2,5","0","WARNING","88,5","sin_objecion"
"4090","Empresa Municipal de Acueducto de Aguachica Sector 45 E.S.P.","AGUAS-AGUACH","Cesar","20","Aguachica Sector 45","20145","Segmento 4","14450","E4","False",,,"sin_reporte","3,2","3,7","4,3","4,5","2980","3108","20,4","bajo_meta","13,52","7,52","2,91","4","Riesgo Alto","0,93","0","QUARANTINE","62","sin_objecion"
"4091","Empresa Municipal de Acueducto de Cerete Sector 46 E.S.P.","AGUAS-CERETE","Cordoba","23","Cerete Sector 46","23146","Segmento 4","13978","E6","True","2026-08-08","109","completa","2,3","2,6","3,1","3,3","2982","3074","20,2","bajo_meta","9,12","3,12","5,67","3","Riesgo Medio","2,42","0","VERIFIED","100","sin_objecion"
"4092","Empresa Municipal de Acueducto de San Marcos Sector 47 E.S.P.","AGUAS-SANMAR","Sucre","70","San Marcos Sector 47","70147","Segmento 4","11232","E4","False",,,"sin_reporte","10,2","11,6","13,6","14,3","3441","3909","20,6","bajo_meta","9,46","3,46","7,31","3","Riesgo Medio","1,3","0","NO_REPORT","62","sin_objecion"
"4093","Empresa Municipal de Acueducto de San Juan Nepomuceno Sector 48 E.S.P.","AGUAS-SANJUA","Bolivar","13","San Juan Nepomuceno Sector 48","13148","Segmento 4","13289","E4","False",,,"sin_reporte","-2,9","-3,3","-3,9","-4,1","3082","2962","20,4","bajo_meta","6,86","0,86","7,37","3","Riesgo Medio","1","0","QUARANTINE","62","sin_objecion"
"4094","Empresa Municipal de Acueducto de Plato Sector 49 E.S.P.","AGUAS-PLATOS","Magdalena","47","Plato Sector 49","47149","Segmento 4","10311","E5","True","2026-07-03","118","completa","7,4","8,4","9,9","10,4","2664","2928","23","en_meta","9,1","3,1","3,52","2","Riesgo Medio-Bajo","1,3","0","VERIFIED","100","en_objecion"
"4095","Empresa Municipal de Acueducto de Santa Rosa de Cabal Sector 50 E.S.P.","AGUAS-SANTAR","Risaralda","66","Santa Rosa de Cabal Sector 50","66150","Segmento 4","7337","E4","False",,,"parcial","7","7,9","9,3","9,8","4143","4528","19,8","bajo_meta","6,29","0,29","8,18","4","Riesgo Alto","3,18","0","QUARANTINE","62","sin_objecion"
"4096","Empresa Municipal de Acueducto de La Tebaida Sector 51 E.S.P.","AGUAS-LATEBA","Quindio","63","La Tebaida Sector 51","63151","Segmento 4","11702","E4","False",,,"parcial","-1,1","-1,3","-1,5","-1,6","4331","4266","20,3","bajo_meta","10,84","4,84","4,56","3","Riesgo Medio","0,4","0","NO_REPORT","62","sin_objecion"
"4097","Empresa Municipal de Acueducto de Chinchina Sector 52 E.S.P.","AGUAS-CHINCH","Caldas","17","Chinchina Sector 52","17152","Segmento 4","14562","E5","True","2026-06-24","151","parcial","3,9","4,4","5,2","5,5","3532","3716","21,4","bajo_meta","9,49","3,49","6,22","3","Riesgo Medio","0,44","0","WARNING","88,5","sin_objecion"
"4098","Empresa Municipal de Acueducto de Villa de Leyva Sector 53 E.S.P.","AGUAS-VILLAD","Boyaca","15","Villa de Leyva Sector 53","15153","Segmento 4","6562","E5","True","2026-06-16","146","completa","4,1","4,7","5,5","5,8","2829","2985","22,9","en_meta","7,91","1,91","2,28","2","Riesgo Medio-Bajo","0","0","VERIFIED","100","sin_objecion"
"4099","Empresa Municipal de Acueducto de Yopal Sector 54 E.S.P.","AGUAS-YOPALS","Casanare","85","Yopal Sector 54","85154","Segmento 4","8712","E4","False",,,"sin_reporte","1,7","2","2,3","2,4","3287","3363","21,1","bajo_meta","9,29","3,29","3,74","3","Riesgo Medio","0,54","0","NO_REPORT","62","sin_objecion"
"4100","Empresa Municipal de Acueducto de Arauca Sector 55 E.S.P.","AGUAS-ARAUCA","Arauca","81","Arauca Sector 55","81155","Segmento 4","5631","E5","True","2026-05-05","155","completa","5,4","6,1","7,2","7,6","3145","3371","20,3","bajo_meta","10,34","4,34","4,09","3","Riesgo Medio","0,78","0","VERIFIED","100","sin_objecion"
"4101","Empresa Municipal de Acueducto de Quibdo Sector 56 E.S.P.","AGUAS-QUIBDO","Choco","27","Quibdo Sector 56","27156","Segmento 4","13653","E3","False",,,"sin_reporte","3,5","4","4,7","4,9","2799","2931","19,8","bajo_meta","7,69","1,69","3,35","4","Riesgo Alto","1,02","0","QUARANTINE","62","sin_objecion"
"4102","Empresa Municipal de Acueducto de San Vicente del Caguan Sector 57 E.S.P.","AGUAS-SANVIC","Caqueta","18","San Vicente del Caguan Sector 57","18157","Segmento 4","5254","E4","False",,,"parcial","-2,2","-2,6","-3","-3,2","3791","3677","22,3","en_meta","13,89","7,89","2,45","4","Riesgo Alto","2,3","0","NO_REPORT","62","sin_objecion"
"4103","Empresa Municipal de Acueducto de Santa Rosa de Osos Sector 58 E.S.P.","AGUAS-SANTAR","Antioquia","05","Santa Rosa de Osos Sector 58","05158","Segmento 4","11245","E5","True","2026-05-05","113","parcial","3,4","3,8","4,5","4,7","3764","3933","19,1","bajo_meta","7,7","1,7","5,96","4","Riesgo Alto","2,87","0","WARNING","88,5","sin_objecion"
"4104","Empresa Municipal de Acueducto de Tabio Sector 59 E.S.P.","AGUAS-TABIOS","Cundinamarca","25","Tabio Sector 59","25159","Segmento 4","12476","E4","False",,,"parcial","-0,5","-0,6","-0,7","-0,7","3762","3736","21,7","bajo_meta","12,41","6,41","5,72","4","Riesgo Alto","1,14","0","QUARANTINE","62","sin_objecion"
"4105","Empresa Municipal de Acueducto de Jamundi Sector 60 E.S.P.","AGUAS-JAMUND","Valle del Cauca","76","Jamundi Sector 60","76160","Segmento 4","7496","E4","False",,,"parcial","9,9","11,2","13,2","13,9","3716","4207","21,8","en_meta","10,15","4,15","4,16","3","Riesgo Medio","1,77","0","NO_REPORT","62","sin_objecion"
"4106","Empresa Municipal de Acueducto de Garzon Sector 61 E.S.P.","AGUAS-GARZON","Huila","41","Garzon Sector 61","41161","Segmento 4","10121","E4","False",,,"parcial","9,1","10,4","12,2","12,8","2756","3092","23,8","en_meta","12,54","6,54","7,16","4","Riesgo Alto","1,1","0","QUARANTINE","62","sin_objecion"
"4107","Empresa Municipal de Acueducto de El Zulia Sector 62 E.S.P.","AGUAS-ELZULI","Norte de Santander","54","El Zulia Sector 62","54162","Segmento 4","7412","E4","False",,,"sin_reporte","2,8","3,1","3,7","3,9","2919","3027","21,7","bajo_meta","13,34","7,34","5,5","4","Riesgo Alto","0,4","0","QUARANTINE","62","sin_objecion"
"4108","Empresa Municipal de Acueducto de La Union Narino Sector 63 E.S.P.","AGUAS-LAUNIO","Narino","52","La Union Narino Sector 63","52163","Segmento 4","9310","E4","False",,,"sin_reporte","6,1","7","8,2","8,6","2714","2937","19,8","bajo_meta","9,57","3,57","6,55","4","Riesgo Alto","2,79","0","NO_REPORT","62","sin_objecion"
"4109","Empresa Municipal de Acueducto de Santander de Quilichao Sector 64 E.S.P.","AGUAS-SANTAN","Cauca","19","Santander de Quilichao Sector 64","19164","Segmento 4","5458","E5","True","2026-08-13","50","completa","5,5","6,2","7,3","7,7","2737","2937","21,7","bajo_meta","13,33","7,33","1,67","4","Riesgo Alto","0,58","0","VERIFIED","100","sin_objecion"
"4110","Empresa Municipal de Acueducto de Honda Sector 65 E.S.P.","AGUAS-HONDAS","Tolima","73","Honda Sector 65","73165","Segmento 4","7855","E6","True","2026-04-05","161","completa","3","3,4","4","4,2","3009","3129","21,9","en_meta","7,38","1,38","6,16","3","Riesgo Medio","0","0","VERIFIED","100","sin_objecion"
"4111","Empresa Municipal de Acueducto de Curumani Sector 66 E.S.P.","AGUAS-CURUMA","Cesar","20","Curumani Sector 66","20166","Segmento 4","7792","E5","True","2026-07-06","149","completa","-2,4","-2,7","-3,2","-3,3","4020","3891","21,6","bajo_meta","6,55","0,55","4,36","3","Riesgo Medio","2,85","0","VERIFIED","100","sin_objecion"
"4112","Empresa Municipal de Acueducto de Montelibano Sector 67 E.S.P.","AGUAS-MONTEL","Cordoba","23","Montelibano Sector 67","23167","Segmento 4","5630","E6","True","2026-07-10","165","completa","9,5","10,8","12,7","13,3","2205","2485","21,3","bajo_meta","11,24","5,24","3,77","3","Riesgo Medio","0,66","0","VERIFIED","100","sin_objecion"
"4113","Empresa Municipal de Acueducto de Sampues Sector 68 E.S.P.","AGUAS-SAMPUE","Sucre","70","Sampues Sector 68","70168","Segmento 4","6368","E6","True","2026-04-03","74","parcial","6,8","7,7","9,1","9,6","3299","3599","20,7","bajo_meta","8,94","2,94","4,37","3","Riesgo Medio","2,59","0","WARNING","88,5","sin_objecion"
"4114","Empresa Municipal de Acueducto de Arjona Sector 69 E.S.P.","AGUAS-ARJONA","Bolivar","13","Arjona Sector 69","13169","Segmento 4","10637","E4","False",,,"sin_reporte","8,8","9,9","11,7","12,3","2481","2771","20,8","bajo_meta","11,3","5,3","8","3","Riesgo Medio","2,29","0","QUARANTINE","62","sin_objecion"
"4115","Empresa Municipal de Acueducto de Cienaga Sector 70 E.S.P.","AGUAS-CIENAG","Magdalena","47","Cienaga Sector 70","47170","Segmento 4","6142","E4","False",,,"parcial","8,6","9,7","11,4","12","3090","3442","19,7","bajo_meta","12,99","6,99","1,57","4","Riesgo Alto","1,68","0","QUARANTINE","62","sin_objecion"
"4116","Empresa Municipal de Acueducto de Santa Rosa de Cabal Sector 71 E.S.P.","AGUAS-SANTAR","Risaralda","66","Santa Rosa de Cabal Sector 71","66171","Segmento 4","9173","E6","True","2026-05-19","173","completa","3,1","3,5","4,1","4,3","3439","3580","22,9","en_meta","6,41","0,41","7,94","2","Riesgo Medio-Bajo","0","0","VERIFIED","100","sin_objecion"
"4117","Empresa Municipal de Acueducto de Calarca Sector 72 E.S.P.","AGUAS-CALARC","Quindio","63","Calarca Sector 72","63172","Segmento 4","9699","E4","False",,,"sin_reporte","5,8","6,6","7,8","8,2","3305","3563","21","bajo_meta","12","6","3,07","3","Riesgo Medio","2,17","0","QUARANTINE","62","sin_objecion"
"4118","Empresa Municipal de Acueducto de Riosucio Sector 73 E.S.P.","AGUAS-RIOSUC","Caldas","17","Riosucio Sector 73","17173","Segmento 4","12964","E4","False",,,"parcial","1,5","1,7","2","2,1","3621","3693","22","en_meta","10,15","4,15","8,07","3","Riesgo Medio","1,01","0","QUARANTINE","62","sin_objecion"
"4119","Empresa Municipal de Acueducto de Paipa Sector 74 E.S.P.","AGUAS-PAIPAS","Boyaca","15","Paipa Sector 74","15174","Segmento 4","6937","E5","True","2026-07-16","92","parcial","7,6","8,7","10,2","10,7","3442","3793","21,6","bajo_meta","6,82","0,82","6,82","3","Riesgo Medio","3,01","0","WARNING","88,5","sin_objecion"
"4120","Empresa Municipal de Acueducto de Yopal Sector 75 E.S.P.","AGUAS-YOPALS","Casanare","85","Yopal Sector 75","85175","Segmento 4","7072","E5","True","2026-08-23","112","parcial","-1","-1,1","-1,3","-1,4","3294","3251","21,1","bajo_meta","6,51","0,51","6,93","3","Riesgo Medio","2,18","0","WARNING","88,5","sin_objecion"
"4121","Empresa Municipal de Acueducto de Arauca Sector 76 E.S.P.","AGUAS-ARAUCA","Arauca","81","Arauca Sector 76","81176","Segmento 4","6072","E4","False",,,"sin_reporte","7,4","8,3","9,8","10,3","2872","3154","20,2","bajo_meta","9,47","3,47","1,82","3","Riesgo Medio","2,39","0","NO_REPORT","62","sin_objecion"
"4122","Empresa Municipal de Acueducto de Istmina Sector 77 E.S.P.","AGUAS-ISTMIN","Choco","27","Istmina Sector 77","27177","Segmento 4","12954","E4","False",,,"sin_reporte","8,1","9,2","10,8","11,3","2958","3277","23,1","en_meta","10,12","4,12","5,09","3","Riesgo Medio","3,14","0","NO_REPORT","62","sin_objecion"
"4123","Empresa Municipal de Acueducto de Florencia Sector 78 E.S.P.","AGUAS-FLOREN","Caqueta","18","Florencia Sector 78","18178","Segmento 4","13652","E4","False",,,"sin_reporte","2,6","3","3,5","3,7","3454","3575","19,4","bajo_meta","10,75","4,75","7,4","4","Riesgo Alto","1,35","0","NO_REPORT","62","sin_objecion"
"4124","Empresa Municipal de Acueducto de Chigorodo Sector 79 E.S.P.","AGUAS-CHIGOR","Antioquia","05","Chigorodo Sector 79","05179","Segmento 4","11803","E3","False",,,"sin_reporte","7","8","9,4","9,9","3483","3810","20,6","bajo_meta","6,76","0,76","3,97","3","Riesgo Medio","1,43","0","NO_REPORT","62","en_objecion"
"4125","Empresa Municipal de Acueducto de Facatativa Sector 80 E.S.P.","AGUAS-FACATA","Cundinamarca","25","Facatativa Sector 80","25180","Segmento 4","10910","E4","False",,,"sin_reporte","8,3","9,4","11,1","11,7","3930","4366","20,9","bajo_meta","10,94","4,94","6,25","3","Riesgo Medio","2,36","0","NO_REPORT","62","sin_objecion"
"4126","Empresa Municipal de Acueducto de Zarzal Sector 81 E.S.P.","AGUAS-ZARZAL","Valle del Cauca","76","Zarzal Sector 81","76181","Segmento 4","7417","E5","True","2026-05-14","166","completa","6,2","7,1","8,3","8,7","2949","3194","20,4","bajo_meta","9,25","3,25","8,24","3","Riesgo Medio","1,51","0","VERIFIED","100","sin_objecion"
"4127","Empresa Municipal de Acueducto de Garzon Sector 82 E.S.P.","AGUAS-GARZON","Huila","41","Garzon Sector 82","41182","Segmento 4","5139","E4","False",,,"sin_reporte","5,4","6,1","7,2","7,6","2976","3190","20,3","bajo_meta","6,8","0,8","8,27","3","Riesgo Medio","0,85","0","NO_REPORT","62","en_objecion"
"4128","Empresa Municipal de Acueducto de El Zulia Sector 83 E.S.P.","AGUAS-ELZULI","Norte de Santander","54","El Zulia Sector 83","54183","Segmento 4","5296","E4","False",,,"parcial","5,8","6,6","7,8","8,2","3232","3484","20,3","bajo_meta","12,57","6,57","3,94","4","Riesgo Alto","1,96","0","NO_REPORT","62","en_objecion"
"4129","Empresa Municipal de Acueducto de Tuquerres Sector 84 E.S.P.","AGUAS-TUQUER","Narino","52","Tuquerres Sector 84","52184","Segmento 4","10062","E6","True","2026-07-23","174","completa","4,9","5,6","6,6","6,9","3644","3884","23,2","en_meta","12,88","6,88","2,97","4","Riesgo Alto","0,56","0","VERIFIED","100","sin_objecion"
"4130","Empresa Municipal de Acueducto de Piendamo Sector 85 E.S.P.","AGUAS-PIENDA","Cauca","19","Piendamo Sector 85","19185","Segmento 4","14633","E3","False",,,"sin_reporte","8","9,1","10,7","11,2","3480","3852","20,6","bajo_meta","8,23","2,23","2,72","3","Riesgo Medio","1,25","0","NO_REPORT","62","sin_objecion"
"4131","Empresa Municipal de Acueducto de Mariquita Sector 86 E.S.P.","AGUAS-MARIQU","Tolima","73","Mariquita Sector 86","73186","Segmento 4","6429","E5","True","2026-05-13","120","completa","3,8","4,2","5","5,2","3672","3856","23,9","en_meta","12,57","6,57","3,48","4","Riesgo Alto","1,57","0","VERIFIED","100","sin_objecion"
"4132","Empresa Municipal de Acueducto de Codazzi Sector 87 E.S.P.","AGUAS-CODAZZ","Cesar","20","Codazzi Sector 87","20187","Segmento 4","13778","E5","True","2026-04-16","126","completa","4,4","5","5,9","6,2","4212","4461","23,2","en_meta","13,14","7,14","4,16","4","Riesgo Alto","0,8","0","VERIFIED","100","sin_objecion"
"4133","Empresa Municipal de Acueducto de Cerete Sector 88 E.S.P.","AGUAS-CERETE","Cordoba","23","Cerete Sector 88","23188","Segmento 4","6661","E4","False",,,"sin_reporte","5,2","5,9","6,9","7,2","2343","2505","20,2","bajo_meta","10,82","4,82","3,44","3","Riesgo Medio","2,14","0","QUARANTINE","62","en_objecion"
"4134","Empresa Municipal de Acueducto de San Onofre Sector 89 E.S.P.","AGUAS-SANONO","Sucre","70","San Onofre Sector 89","70189","Segmento 4","7475","E4","False",,,"sin_reporte","1,5","1,7","2","2,1","3252","3317","20,8","bajo_meta","10,87","4,87","1,63","3","Riesgo Medio","1,91","0","NO_REPORT","62","sin_objecion"
"4135","Empresa Municipal de Acueducto de Magangue Sector 90 E.S.P.","AGUAS-MAGANG","Bolivar","13","Magangue Sector 90","13190","Segmento 4","7152","E4","False",,,"sin_reporte","6,8","7,7","9,1","9,6","3033","3309","19,7","bajo_meta","9,53","3,53","0,54","4","Riesgo Alto","1,85","0","NO_REPORT","62","sin_objecion"
"4136","Empresa Municipal de Acueducto de El Banco Sector 91 E.S.P.","AGUAS-ELBANC","Magdalena","47","El Banco Sector 91","47191","Segmento 4","8027","E4","False",,,"parcial","3","3,4","4","4,2","2896","3012","23,5","en_meta","11,76","5,76","5,15","3","Riesgo Medio","2,57","0","NO_REPORT","62","sin_objecion"
"4137","Empresa Municipal de Acueducto de Santa Rosa de Cabal Sector 92 E.S.P.","AGUAS-SANTAR","Risaralda","66","Santa Rosa de Cabal Sector 92","66192","Segmento 4","8110","E5","True","2026-08-27","159","completa","10,4","11,8","13,9","14,6","3795","4323","23","en_meta","10,74","4,74","5,29","3","Riesgo Medio","1,55","0","VERIFIED","100","sin_objecion"
"4138","Empresa Municipal de Acueducto de Quimbaya Sector 93 E.S.P.","AGUAS-QUIMBA","Quindio","63","Quimbaya Sector 93","63193","Segmento 4","13623","E5","True","2026-05-25","153","completa","8,2","9,4","11","11,6","3283","3644","19,2","bajo_meta","5,72","-0,28","6,4","4","Riesgo Alto","1,22","0","VERIFIED","100","sin_objecion"
"4139","Empresa Municipal de Acueducto de Villamaria Sector 94 E.S.P.","AGUAS-VILLAM","Caldas","17","Villamaria Sector 94","17194","Segmento 4","11311","E5","True","2026-07-15","68","parcial","1,8","2","2,4","2,5","3581","3667","21,6","bajo_meta","6,94","0,94","5,27","3","Riesgo Medio","2,62","0","WARNING","88,5","sin_objecion"
"4140","Empresa Municipal de Acueducto de Chiquinquira Sector 95 E.S.P.","AGUAS-CHIQUI","Boyaca","15","Chiquinquira Sector 95","15195","Segmento 4","11956","E5","True","2026-06-16","79","completa","9,3","10,5","12,4","13","2978","3347","21,8","en_meta","10,88","4,88","1,37","3","Riesgo Medio","0,95","0","VERIFIED","100","sin_objecion"
"4141","Empresa Municipal de Acueducto de Yopal Sector 96 E.S.P.","AGUAS-YOPALS","Casanare","85","Yopal Sector 96","85196","Segmento 4","10815","E4","False",,,"sin_reporte","6,6","7,5","8,8","9,2","3260","3547","22,6","en_meta","5,68","-0,32","6,14","2","Riesgo Medio-Bajo","0","0","NO_REPORT","62","sin_objecion"
"4142","Empresa Municipal de Acueducto de Arauca Sector 97 E.S.P.","AGUAS-ARAUCA","Arauca","81","Arauca Sector 97","81197","Segmento 4","10087","E5","True","2026-07-11","101","completa","10,2","11,6","13,6","14,3","3386","3847","21","bajo_meta","8,68","2,68","4,11","3","Riesgo Medio","1,08","0","VERIFIED","100","en_objecion"
"4143","Empresa Municipal de Acueducto de Quibdo Sector 98 E.S.P.","AGUAS-QUIBDO","Choco","27","Quibdo Sector 98","27198","Segmento 4","13326","E5","True","2026-07-02","156","completa","3,6","4,1","4,8","5","3248","3404","22,4","en_meta","9,38","3,38","7,53","2","Riesgo Medio-Bajo","0,58","0","VERIFIED","100","sin_objecion"
"4144","Empresa Municipal de Acueducto de San Vicente del Caguan Sector 99 E.S.P.","AGUAS-SANVIC","Caqueta","18","San Vicente del Caguan Sector 99","18199","Segmento 4","9327","E4","False",,,"sin_reporte","4,5","5,1","6","6,3","3692","3914","23,4","en_meta","12,03","6,03","5,1","4","Riesgo Alto","2,87","0","NO_REPORT","62","sin_objecion"
"4145","Empresa Municipal de Acueducto de Rionegro Sector 100 E.S.P.","AGUAS-RIONEG","Antioquia","05","Rionegro Sector 100","05200","Segmento 4","12756","E4","False",,,"parcial","2,8","3,1","3,7","3,9","3095","3210","22,7","en_meta","8,13","2,13","1,5","2","Riesgo Medio-Bajo","0","0","QUARANTINE","62","sin_objecion"
"4146","Empresa Municipal de Acueducto de Funza Sector 101 E.S.P.","AGUAS-FUNZAS","Cundinamarca","25","Funza Sector 101","25201","Segmento 4","9432","E4","False",,,"parcial","7,4","8,3","9,8","10,3","2859","3139","20","bajo_meta","11,4","5,4","2,19","3","Riesgo Medio","2,61","0","QUARANTINE","62","sin_objecion"
"4147","Empresa Municipal de Acueducto de Caicedonia Sector 102 E.S.P.","AGUAS-CAICED","Valle del Cauca","76","Caicedonia Sector 102","76202","Segmento 4","6137","E6","True","2026-06-15","55","completa","7,3","8,2","9,7","10,2","3718","4079","20,1","bajo_meta","10,52","4,52","8,17","3","Riesgo Medio","2,57","0","VERIFIED","100","sin_objecion"
"4148","Empresa Municipal de Acueducto de Garzon Sector 103 E.S.P.","AGUAS-GARZON","Huila","41","Garzon Sector 103","41203","Segmento 4","11480","E6","True","2026-05-15","117","completa","7","7,9","9,3","9,8","3502","3828","19,9","bajo_meta","10,41","4,41","1,49","4","Riesgo Alto","1,99","0","VERIFIED","100","en_objecion"
