id_documento,norma,id_norma,tipo,n_formatos,n_variables,metodos_extraccion,emisor
INSTRUCTIVO_COMERCIAL_39945_2017,RESOLUCION SSPD 20171300039945 DE 2017,,instructivo,15,325,PDF_NARRATIVO;PDF_TABLA,SSPD
INSTRUCTIVO_CARGUE_AA_2024,RESOLUCION SSPD 20211000316965 DE 2021,,instructivo,9,69,PDF_TABLA,SSPD
INSTRUCTIVO_IUS_APS_2024,RESOLUCION SSPD 20221000284385 DE 2022,,instructivo,3,59,PDF_TABLA,SSPD
RESOLUCION_681915_2026,RESOLUCION SSPD 20261000681915 DE 2026,,resolucion,1,20,PDF_NARRATIVO,SSPD
INSTRUCTIVO_CAR_316965_2021_V3,RESOLUCION SSPD 20211000316965 DE 2021,,instructivo,10,95,WEBFETCH_LECTOR,SSPD
ANEXO_TECNICO_APROVECHAMIENTO_596_2016,RESOLUCIÓN MVCT 276 DE 2016,,anexo tecnico,15,113,WEBFETCH_LECTOR,MVCT
RESOLUCION_606485_2024,RESOLUCIÓN SSPD 20241000606485 DE 2024,,resolucion,5,51,WEBFETCH_LECTOR,SSPD
RESOLUCION_034455_2020,RESOLUCIÓN SSPD 20201000034455 DE 2020,,resolucion,11,55,WEBFETCH_LECTOR,SSPD
ANEXO_TECNICO_IUS_284385_2022,RESOLUCION SSPD 20221000284385 DE 2022,,anexo tecnico,3,59,WEBFETCH_LECTOR,SSPD
