id_formato,nombre,id_norma,norma_declarada,dominio_funcional,tipo_reporte,estado_vigencia,n_tablas,n_variables_documentadas,hallazgos,fuente,valido_desde,valido_hasta
1,CATALOGO DE CUENTAS - PUC,21,CIRCULAR SSPD 009 - 2003,FINANCIERO Y CONTABLE,ESTRUCTURADO,vigente-declarada,1,0,,portal SUI DiccionarioConsultaV2 (barrido tab 1..1400),,
9,NOTAS AL CATALOGO DE CUENTAS PUC - PDF,21,CIRCULAR SSPD 009 - 2003,FINANCIERO Y CONTABLE,DOCUMENTAL,vigente-declarada,0,0,,portal SUI DiccionarioConsultaV2 (barrido tab 1..1400),,
102,CERTIFICACIÓN ASIGNACIÓN DE RECURSOS FSRI ACUEDUCTO PDF,326,RESOLUCION SSPD No. 20094000015085 de 2009,SUBSIDIOS Y CONTRIBUCIONES,DOCUMENTAL,derogada-pendiente-reasignacion,0,0,H2,portal SUI DiccionarioConsultaV2 (barrido tab 1..1400),,
103,CERTIFICACIÓN ASIGNACIÓN DE RECURSOS FSRI ASEO PDF,326,RESOLUCION SSPD No. 20094000015085 de 2009,SUBSIDIOS Y CONTRIBUCIONES,DOCUMENTAL,derogada-pendiente-reasignacion,0,0,H2,portal SUI DiccionarioConsultaV2 (barrido tab 1..1400),,
104,ACUERDO MUNICIPAL DE APROBACIÓN DE PORCENTAJES DE SUBSIDIO Y APORTE SOLIDARIO ACUEDUCTO PDF,326,RESOLUCION SSPD No. 20094000015085 de 2009,SUBSIDIOS Y CONTRIBUCIONES,DOCUMENTAL,derogada-pendiente-reasignacion,0,0,H2,portal SUI DiccionarioConsultaV2 (barrido tab 1..1400),,
105,ACUERDO MUNICIPAL DE APROBACIÓN DE PORCENTAJES DE SUBSIDIO Y APORTE SOLIDARIO ASEO PDF,326,RESOLUCION SSPD No. 20094000015085 de 2009,SUBSIDIOS Y CONTRIBUCIONES,DOCUMENTAL,derogada-pendiente-reasignacion,0,0,H2,portal SUI DiccionarioConsultaV2 (barrido tab 1..1400),,
106,ACUERDO MUNICIPAL FONDO DE SOLIDARIDAD Y REDISTRIBUCIÓN DE INGRESOS - FSRI - ALCANTARILLADO PDF,326,RESOLUCION SSPD No. 20094000015085 de 2009,SUBSIDIOS Y CONTRIBUCIONES,DOCUMENTAL,derogada-pendiente-reasignacion,0,0,H2,portal SUI DiccionarioConsultaV2 (barrido tab 1..1400),,
107,CERTIFICACIÓN ASIGNACIÓN DE RECURSOS FSRI ALCANTARILLADO PDF,326,RESOLUCION SSPD No. 20094000015085 de 2009,SUBSIDIOS Y CONTRIBUCIONES,DOCUMENTAL,derogada-pendiente-reasignacion,0,0,H2,portal SUI DiccionarioConsultaV2 (barrido tab 1..1400),,
108,ACUERDO MUNICIPAL DE APROBACIÓN DE PORCENTAJES DE SUBSIDIO Y APORTE SOLIDARIO ALCANTARILLADO PDF,326,RESOLUCION SSPD No. 20094000015085 de 2009,SUBSIDIOS Y CONTRIBUCIONES,DOCUMENTAL,derogada-pendiente-reasignacion,0,0,H2,portal SUI DiccionarioConsultaV2 (barrido tab 1..1400),,
109,ACUERDO MUNICIPAL FONDO DE SOLIDARIDAD Y REDISTRIBUCIÓN DE INGRESOS - FSRI - ACUEDUCTO PDF,326,RESOLUCION SSPD No. 20094000015085 de 2009,SUBSIDIOS Y CONTRIBUCIONES,DOCUMENTAL,derogada-pendiente-reasignacion,0,0,H2,portal SUI DiccionarioConsultaV2 (barrido tab 1..1400),,
110,ACUERDO MUNICIPAL FONDO DE SOLIDARIDAD Y REDISTRIBUCIÓN DE INGRESOS - FSRI - ASEO PDF,326,RESOLUCION SSPD No. 20094000015085 de 2009,SUBSIDIOS Y CONTRIBUCIONES,DOCUMENTAL,derogada-pendiente-reasignacion,0,0,H2,portal SUI DiccionarioConsultaV2 (barrido tab 1..1400),,
111,CONSTANCIA DE NO PRESENTACIÓN DE MANIFESTACIONES DE INTERÉS PARA LA PRESTACIÓN DEL SERVICIO PÚBLICO DE ACUEDUCTO (ARTÍCULO 6.1) PDF,326,RESOLUCION SSPD No. 20094000015085 de 2009,INSTITUCIONAL Y HABILITACION,DOCUMENTAL,derogada-pendiente-reasignacion,0,0,H2,portal SUI DiccionarioConsultaV2 (barrido tab 1..1400),,
112,DOCUMENTO DE INVITACIÓN PÚBLICA A CONFORMAR EMPRESA DE SERVICIOS PÚBLICOS PARA EL SERVICIO DE ACUEDUCTO (ARTÍCULO 6.2) PDF,326,RESOLUCION SSPD No. 20094000015085 de 2009,INSTITUCIONAL Y HABILITACION,DOCUMENTAL,derogada-pendiente-reasignacion,0,0,H2,portal SUI DiccionarioConsultaV2 (barrido tab 1..1400),,
113,ACTO DE RECONOCIMIENTO DE LA SSPD PARA EL SERVICIO DE ACUEDUCTO (ARTÍCULO 6.3) PDF,326,RESOLUCION SSPD No. 20094000015085 de 2009,INSTITUCIONAL Y HABILITACION,DOCUMENTAL,derogada-pendiente-reasignacion,0,0,H2,portal SUI DiccionarioConsultaV2 (barrido tab 1..1400),,
114,CONSTANCIA DE NO PRESENTACIÓN DE MANIFESTACIONES DE INTERÉS PARA LA PRESTACIÓN DEL SERVICIO PÚBLICO DE ALCANTARILLADO (ARTÍCULO 6.1) PDF,326,RESOLUCION SSPD No. 20094000015085 de 2009,INSTITUCIONAL Y HABILITACION,DOCUMENTAL,derogada-pendiente-reasignacion,0,0,H2,portal SUI DiccionarioConsultaV2 (barrido tab 1..1400),,
115,DOCUMENTO DE INVITACIÓN PÚBLICA A CONFORMAR EMPRESA DE SERVICIOS PÚBLICOS PARA EL SERVICIO DE ALCANTARILLADO (ARTÍCULO 6.2) PDF,326,RESOLUCION SSPD No. 20094000015085 de 2009,INSTITUCIONAL Y HABILITACION,DOCUMENTAL,derogada-pendiente-reasignacion,0,0,H2,portal SUI DiccionarioConsultaV2 (barrido tab 1..1400),,
116,ACTO DE RECONOCIMIENTO DE LA SSPD PARA EL SERVICIO DE ALCANTARILLADO (ARTÍCULO 6.3) PDF,326,RESOLUCION SSPD No. 20094000015085 de 2009,INSTITUCIONAL Y HABILITACION,DOCUMENTAL,derogada-pendiente-reasignacion,0,0,H2,portal SUI DiccionarioConsultaV2 (barrido tab 1..1400),,
117,CONSTANCIA DE NO PRESENTACIÓN DE MANIFESTACIONES DE INTERÉS PARA LA PRESTACIÓN DEL SERVICIO PÚBLICO DE ASEO (ARTÍCULO 6.1) PDF,326,RESOLUCION SSPD No. 20094000015085 de 2009,INSTITUCIONAL Y HABILITACION,DOCUMENTAL,derogada-pendiente-reasignacion,0,0,H2,portal SUI DiccionarioConsultaV2 (barrido tab 1..1400),,
118,DOCUMENTO DE INVITACIÓN PÚBLICA A CONFORMAR EMPRESA DE SERVICIOS PÚBLICOS PARA EL SERVICIO DE ASEO (ARTÍCULO 6.2) PDF,326,RESOLUCION SSPD No. 20094000015085 de 2009,INSTITUCIONAL Y HABILITACION,DOCUMENTAL,derogada-pendiente-reasignacion,0,0,H2,portal SUI DiccionarioConsultaV2 (barrido tab 1..1400),,
119,ACTO DE RECONOCIMIENTO DE LA SSPD PARA EL SERVICIO DE ASEO (ARTÍCULO 6.3) PDF,326,RESOLUCION SSPD No. 20094000015085 de 2009,INSTITUCIONAL Y HABILITACION,DOCUMENTAL,derogada-pendiente-reasignacion,0,0,H2,portal SUI DiccionarioConsultaV2 (barrido tab 1..1400),,
120,CONSTANCIA DEL ALCALDE SOBRE NO RECEPCIÓN DE RESPUESTA ADECUADA PARA CREAR EMPRESA PARA LA PRESTACIÓN DEL SERVICIO PÚBLICO DE ACUEDUCTO (ARTÍCULO 6.2) PDF,326,RESOLUCION SSPD No. 20094000015085 de 2009,INSTITUCIONAL Y HABILITACION,DOCUMENTAL,derogada-pendiente-reasignacion,0,0,H2,portal SUI DiccionarioConsultaV2 (barrido tab 1..1400),,
121,DOCUMENTO DE PUBLICACIÓN DE INVITACIÓN PUBLICA PARA LA PRESTACIÓN DEL SERVICIO PÚBLICO DE ACUEDUCTO A PRESTADORES DE SERVICIOS PÚBLICOS (ARTÍCULO 6.1) PDF,326,RESOLUCION SSPD No. 20094000015085 de 2009,INSTITUCIONAL Y HABILITACION,DOCUMENTAL,derogada-pendiente-reasignacion,0,0,H2,portal SUI DiccionarioConsultaV2 (barrido tab 1..1400),,
122,ACTO ADMINISTRATIVO QUE CREA DEPENDENCIA COORDINADORA DE PRESTACIÓN DEL SERVICIO DE ACUEDUCTO PDF,326,RESOLUCION SSPD No. 20094000015085 de 2009,INSTITUCIONAL Y HABILITACION,DOCUMENTAL,derogada-pendiente-reasignacion,0,0,H2,portal SUI DiccionarioConsultaV2 (barrido tab 1..1400),,
123,CONSTANCIA DEL ALCALDE SOBRE NO RECEPCIÓN DE RESPUESTA ADECUADA PARA CREAR EMPRESA PARA LA PRESTACIÓN DEL SERVICIO PÚBLICO DE ALCANTARILLADO (ARTÍCULO 6.2) PDF,326,RESOLUCION SSPD No. 20094000015085 de 2009,INSTITUCIONAL Y HABILITACION,DOCUMENTAL,derogada-pendiente-reasignacion,0,0,H2,portal SUI DiccionarioConsultaV2 (barrido tab 1..1400),,
124,DOCUMENTO DE PUBLICACIÓN DE INVITACIÓN PUBLICA PARA LA PRESTACIÓN DEL SERVICIO PÚBLICO DE ALCANTARILLADO A PRESTADORES DE SERVICIOS PÚBLICOS (ARTÍCULO 6.1) PDF,326,RESOLUCION SSPD No. 20094000015085 de 2009,INSTITUCIONAL Y HABILITACION,DOCUMENTAL,derogada-pendiente-reasignacion,0,0,H2,portal SUI DiccionarioConsultaV2 (barrido tab 1..1400),,
125,ACTO ADMINISTRATIVO QUE CREA DEPENDENCIA COORDINADORA DE PRESTACIÓN DEL SERVICIO DE ALCANTARILLADO PDF,326,RESOLUCION SSPD No. 20094000015085 de 2009,INSTITUCIONAL Y HABILITACION,DOCUMENTAL,derogada-pendiente-reasignacion,0,0,H2,portal SUI DiccionarioConsultaV2 (barrido tab 1..1400),,
126,CONSTANCIA DEL ALCALDE SOBRE NO RECEPCIÓN DE RESPUESTA ADECUADA PARA CREAR EMPRESA PARA LA PRESTACIÓN DEL SERVICIO PÚBLICO DE ASEO (ARTÍCULO 6.2) PDF,326,RESOLUCION SSPD No. 20094000015085 de 2009,INSTITUCIONAL Y HABILITACION,DOCUMENTAL,derogada-pendiente-reasignacion,0,0,H2,portal SUI DiccionarioConsultaV2 (barrido tab 1..1400),,
127,DOCUMENTO DE PUBLICACIÓN DE INVITACIÓN PUBLICA PARA LA PRESTACIÓN DEL SERVICIO PÚBLICO DE ASEO A PRESTADORES DE SERVICIOS PÚBLICOS (ARTÍCULO 6.1) PDF,326,RESOLUCION SSPD No. 20094000015085 de 2009,INSTITUCIONAL Y HABILITACION,DOCUMENTAL,derogada-pendiente-reasignacion,0,0,H2,portal SUI DiccionarioConsultaV2 (barrido tab 1..1400),,
129,PUBLICACION INDICADORES PARA CONTROL SOCIAL A LAS PERSONAS PRESTADORAS DE SERVICIOS PÚBLICOS PDF,566,Resolución SSPD 20101300048765 DE 2010,PQR Y CONTROL SOCIAL,DOCUMENTAL,vigente-parcial-verificar,0,0,H2,portal SUI DiccionarioConsultaV2 (barrido tab 1..1400),,
130,ACTAS DE TOMA DE MUESTRAS CONCERTADAS PARA CARACTERÍSTICAS ESPECIALES RANGO 1 PDF,326,RESOLUCION SSPD No. 20094000015085 de 2009,CALIDAD DEL AGUA Y MUESTREO,DOCUMENTAL,derogada-pendiente-reasignacion,0,0,H2,portal SUI DiccionarioConsultaV2 (barrido tab 1..1400),,
133,"AVISO DE PRENSA DE APERTURA DE INVITACIÓN PÚBLICA A OTROS MUNICIPIOS, AL DEPARTAMENTO, A LA NACIÓN O A OTRAS PERSONAS PÚBLICAS O PRIVADAS - SERVICIO DE ASEO PDF",326,RESOLUCION SSPD No. 20094000015085 de 2009,INSTITUCIONAL Y HABILITACION,DOCUMENTAL,derogada-pendiente-reasignacion,0,0,H2,portal SUI DiccionarioConsultaV2 (barrido tab 1..1400),,
136,ACTO ADMINISTRATIVO DE APERTURA DE INVITACIÓN PÚBLICA A EMPRESAS DE SERVICIOS PÚBLICOS (ARTÍCULO 6.1 DE LA LEY 142 DE 1994) - SERVICIO DE ASEO PDF,326,RESOLUCION SSPD No. 20094000015085 de 2009,INSTITUCIONAL Y HABILITACION,DOCUMENTAL,derogada-pendiente-reasignacion,0,0,H2,portal SUI DiccionarioConsultaV2 (barrido tab 1..1400),,
137,AVISO DE PRENSA DE APERTURA DE INVITACIÓN PÚBLICA A EMPRESAS DE SERVICIOS PÚBLICOS (ARTÍCULO 6.1 DE LA LEY 142 DE 1994) - SERVICIO DE ASEO PDF,326,RESOLUCION SSPD No. 20094000015085 de 2009,INSTITUCIONAL Y HABILITACION,DOCUMENTAL,derogada-pendiente-reasignacion,0,0,H2,portal SUI DiccionarioConsultaV2 (barrido tab 1..1400),,
138,ACTO ADMINISTRATIVO POR EL CUAL SE DECLARA DESIERTA LA INVITACIÓN PÚBLICA A EMPRESAS DE SERVICIOS PÚBLICOS (ARTÍCULO 6.1 DE LA LEY 142 DE 1994) - SERVICIO DE ASEO PDF,326,RESOLUCION SSPD No. 20094000015085 de 2009,INSTITUCIONAL Y HABILITACION,DOCUMENTAL,derogada-pendiente-reasignacion,0,0,H2,portal SUI DiccionarioConsultaV2 (barrido tab 1..1400),,
139,"ACTO ADMINISTRATIVO DE APERTURA DE INVITACIÓN PÚBLICA A OTROS MUNICIPIOS, AL DEPARTAMENTO, A LA NACIÓN O A OTRAS PERSONAS PÚBLICAS O PRIVADAS - SERVICIO DE ASEO PDF",326,RESOLUCION SSPD No. 20094000015085 de 2009,INSTITUCIONAL Y HABILITACION,DOCUMENTAL,derogada-pendiente-reasignacion,0,0,H2,portal SUI DiccionarioConsultaV2 (barrido tab 1..1400),,
142,ACTO ADMINISTRATIVO POR EL CUAL SE DECLARA DESIERTA LA INVITACIÓN PÚBLICA A EMPRESAS DE SERVICIOS PÚBLICOS (ARTÍCULO 6.1 DE LA LEY 142 DE 1994) - SERVICIO DE ALCANTARILLADO PDF,326,RESOLUCION SSPD No. 20094000015085 de 2009,INSTITUCIONAL Y HABILITACION,DOCUMENTAL,derogada-pendiente-reasignacion,0,0,H2,portal SUI DiccionarioConsultaV2 (barrido tab 1..1400),,
143,"ACTO ADMINISTRATIVO DE APERTURA DE INVITACIÓN PÚBLICA A OTROS MUNICIPIOS, AL DEPARTAMENTO, A LA NACIÓN O A OTRAS PERSONAS PÚBLICAS O PRIVADAS - SERVICIO DE ALCANTARILLADO PDF",326,RESOLUCION SSPD No. 20094000015085 de 2009,INSTITUCIONAL Y HABILITACION,DOCUMENTAL,derogada-pendiente-reasignacion,0,0,H2,portal SUI DiccionarioConsultaV2 (barrido tab 1..1400),,
144,"AVISO DE PRENSA DE APERTURA DE INVITACIÓN PÚBLICA A OTROS MUNICIPIOS, AL DEPARTAMENTO, A LA NACIÓN O A OTRAS PERSONAS PÚBLICAS O PRIVADAS - SERVICIO DE ALCANTARILLADO PDF",326,RESOLUCION SSPD No. 20094000015085 de 2009,INSTITUCIONAL Y HABILITACION,DOCUMENTAL,derogada-pendiente-reasignacion,0,0,H2,portal SUI DiccionarioConsultaV2 (barrido tab 1..1400),,
145,"ACTO ADMINISTRATIVO POR EL CUAL SE DECLARA DESIERTA INVITACIÓN PÚBLICA A OTROS MUNICIPIOS, AL DEPARTAMENTO, A LA NACIÓN O A OTRAS PERSONAS PÚBLICAS O PRIVADAS - SERVICIO DE ALCANTARILLADO PDF",326,RESOLUCION SSPD No. 20094000015085 de 2009,INSTITUCIONAL Y HABILITACION,DOCUMENTAL,derogada-pendiente-reasignacion,0,0,H2,portal SUI DiccionarioConsultaV2 (barrido tab 1..1400),,
146,"ACTO ADMINISTRATIVO POR EL CUAL SE DECLARA DESIERTA INVITACIÓN PÚBLICA A OTROS MUNICIPIOS, AL DEPARTAMENTO, A LA NACIÓN O A OTRAS PERSONAS PÚBLICAS O PRIVADAS - SERVICIO DE ASEO PDF",326,RESOLUCION SSPD No. 20094000015085 de 2009,INSTITUCIONAL Y HABILITACION,DOCUMENTAL,derogada-pendiente-reasignacion,0,0,H2,portal SUI DiccionarioConsultaV2 (barrido tab 1..1400),,
148,FACTURA DEL SERVICIO,566,Resolución SSPD 20101300048765 DE 2010,OTROS,DOCUMENTAL,vigente-parcial-verificar,0,0,H2,portal SUI DiccionarioConsultaV2 (barrido tab 1..1400),,
149,ACTO ADMINISTRATIVO DE APERTURA DE INVITACIÓN PÚBLICA A EMPRESAS DE SERVICIOS PÚBLICOS (ARTÍCULO 6.1 DE LA LEY 142 DE 1994) - SERVICIO DE ACUEDUCTO PDF,326,RESOLUCION SSPD No. 20094000015085 de 2009,INSTITUCIONAL Y HABILITACION,DOCUMENTAL,derogada-pendiente-reasignacion,0,0,H2,portal SUI DiccionarioConsultaV2 (barrido tab 1..1400),,
150,AVISO DE PRENSA DE APERTURA DE INVITACIÓN PÚBLICA A EMPRESAS DE SERVICIOS PÚBLICOS (ARTÍCULO 6.1 DE LA LEY 142 DE 1994) - SERVICIO DE ACUEDUCTO PDF,326,RESOLUCION SSPD No. 20094000015085 de 2009,INSTITUCIONAL Y HABILITACION,DOCUMENTAL,derogada-pendiente-reasignacion,0,0,H2,portal SUI DiccionarioConsultaV2 (barrido tab 1..1400),,
151,ACTO ADMINISTRATIVO POR EL CUAL SE DECLARA DESIERTA LA INVITACIÓN PÚBLICA A EMPRESAS DE SERVICIOS PÚBLICOS (ARTÍCULO 6.1 DE LA LEY 142 DE 1994) - SERVICIO DE ACUEDUCTO PDF,326,RESOLUCION SSPD No. 20094000015085 de 2009,INSTITUCIONAL Y HABILITACION,DOCUMENTAL,derogada-pendiente-reasignacion,0,0,H2,portal SUI DiccionarioConsultaV2 (barrido tab 1..1400),,
152,"ACTO ADMINISTRATIVO DE APERTURA DE INVITACIÓN PÚBLICA A OTROS MUNICIPIOS, AL DEPARTAMENTO, A LA NACIÓN O A OTRAS PERSONAS PÚBLICAS O PRIVADAS - SERVICIO DE ACUEDUCTO PDF",326,RESOLUCION SSPD No. 20094000015085 de 2009,INSTITUCIONAL Y HABILITACION,DOCUMENTAL,derogada-pendiente-reasignacion,0,0,H2,portal SUI DiccionarioConsultaV2 (barrido tab 1..1400),,
153,"AVISO DE PRENSA DE APERTURA DE INVITACIÓN PÚBLICA A OTROS MUNICIPIOS, AL DEPARTAMENTO, A LA NACIÓN O A OTRAS PERSONAS PÚBLICAS O PRIVADAS - SERVICIO DE ACUEDUCTO PDF",326,RESOLUCION SSPD No. 20094000015085 de 2009,INSTITUCIONAL Y HABILITACION,DOCUMENTAL,derogada-pendiente-reasignacion,0,0,H2,portal SUI DiccionarioConsultaV2 (barrido tab 1..1400),,
154,"ACTO ADMINISTRATIVO POR EL CUAL SE DECLARA DESIERTA INVITACIÓN PÚBLICA A OTROS MUNICIPIOS, AL DEPARTAMENTO, A LA NACIÓN O A OTRAS PERSONAS PÚBLICAS O PRIVADAS - SERVICIO DE ACUEDUCTO PDF",326,RESOLUCION SSPD No. 20094000015085 de 2009,INSTITUCIONAL Y HABILITACION,DOCUMENTAL,derogada-pendiente-reasignacion,0,0,H2,portal SUI DiccionarioConsultaV2 (barrido tab 1..1400),,
158,ACTO ADMINISTRATIVO DE APERTURA DE INVITACIÓN PÚBLICA A EMPRESAS DE SERVICIOS PÚBLICOS (ARTÍCULO 6.1 DE LA LEY 142 DE 1994) - SERVICIO DE ALCANTARILLADO PDF,326,RESOLUCION SSPD No. 20094000015085 de 2009,INSTITUCIONAL Y HABILITACION,DOCUMENTAL,derogada-pendiente-reasignacion,0,0,H2,portal SUI DiccionarioConsultaV2 (barrido tab 1..1400),,
159,AVISO DE PRENSA DE APERTURA DE INVITACIÓN PÚBLICA A EMPRESAS DE SERVICIOS PÚBLICOS (ARTÍCULO 6.1 DE LA LEY 142 DE 1994) - SERVICIO DE ALCANTARILLADO PDF,326,RESOLUCION SSPD No. 20094000015085 de 2009,INSTITUCIONAL Y HABILITACION,DOCUMENTAL,derogada-pendiente-reasignacion,0,0,H2,portal SUI DiccionarioConsultaV2 (barrido tab 1..1400),,
160,ACTO DE APROBACIÓN DE TARIFAS DE ACUEDUCTO,566,Resolución SSPD 20101300048765 DE 2010,TARIFARIO Y COSTOS,DOCUMENTAL,vigente-parcial-verificar,0,0,H2,portal SUI DiccionarioConsultaV2 (barrido tab 1..1400),,
166,ACTA DE CONCERTACION DE PUNTOS Y LUGARES DE MUESTREO (RESOLUCION 811 DE 2008) PDF,,,CALIDAD DEL AGUA Y MUESTREO,DOCUMENTAL,sin-norma,0,0,H3,portal SUI DiccionarioConsultaV2 (barrido tab 1..1400),,
167,ACTO DE APROBACIÓN DE TARIFAS ALCANTARILADO PDF,566,Resolución SSPD 20101300048765 DE 2010,TARIFARIO Y COSTOS,DOCUMENTAL,vigente-parcial-verificar,0,0,H2,portal SUI DiccionarioConsultaV2 (barrido tab 1..1400),,
168,ACTO APROBACIÓN FACTORES DE SUBSIDIOS Y CONTRIBUCIONES ALCANTARILLADO,326,RESOLUCION SSPD No. 20094000015085 de 2009,SUBSIDIOS Y CONTRIBUCIONES,DOCUMENTAL,derogada-pendiente-reasignacion,0,0,H2,portal SUI DiccionarioConsultaV2 (barrido tab 1..1400),,
169,FACTURA DEL SERVICIO ALCANTARILLADO PDF,566,Resolución SSPD 20101300048765 DE 2010,OTROS,DOCUMENTAL,vigente-parcial-verificar,0,0,H2,portal SUI DiccionarioConsultaV2 (barrido tab 1..1400),,
170,PUBLICACION INDICADORES PARA CONTROL SOCIAL A LAS PERSONAS PRESTADORAS DE SERVICIOS PÚBLICOS -ACUEDUCTO PDF,566,Resolución SSPD 20101300048765 DE 2010,PQR Y CONTROL SOCIAL,DOCUMENTAL,vigente-parcial-verificar,0,0,H2,portal SUI DiccionarioConsultaV2 (barrido tab 1..1400),,
171,ACTO DE APROBACIÓN DE TARIFAS ASEO PDF,566,Resolución SSPD 20101300048765 DE 2010,TARIFARIO Y COSTOS,DOCUMENTAL,vigente-parcial-verificar,0,0,H2,portal SUI DiccionarioConsultaV2 (barrido tab 1..1400),,
172,ACTO APROBACIÓN PORCENTAJES DE SUBSIDIOS Y CONTRIBUCIONES ASEO PDF,566,Resolución SSPD 20101300048765 DE 2010,SUBSIDIOS Y CONTRIBUCIONES,DOCUMENTAL,vigente-parcial-verificar,0,0,H2,portal SUI DiccionarioConsultaV2 (barrido tab 1..1400),,
173,FACTURA DEL SERVICIO ASEO PDF,566,Resolución SSPD 20101300048765 DE 2010,OTROS,DOCUMENTAL,vigente-parcial-verificar,0,0,H2,portal SUI DiccionarioConsultaV2 (barrido tab 1..1400),,
174,PUBLICACION INDICADORES PARA CONTROL SOCIAL A LAS PERSONAS PRESTADORAS DE SERVICIOS PÓBLICOS -ALCANTARILLADO PDF,566,Resolución SSPD 20101300048765 DE 2010,PQR Y CONTROL SOCIAL,DOCUMENTAL,vigente-parcial-verificar,0,0,H2,portal SUI DiccionarioConsultaV2 (barrido tab 1..1400),,
178,ACUERDO O DECRETO MUNICIPAL DE APROBACION DEL PRESUPUESTO DONDE CONSTE LA APROPIACION DE LOS RECURSOS POR SISTEMA GENERAL DE PARTICIPACIONES PARA AGUA POTABLE Y SANEAMIENTO BASICO PDF,,,FINANCIERO Y CONTABLE,DOCUMENTAL,sin-norma,0,0,H3,portal SUI DiccionarioConsultaV2 (barrido tab 1..1400),,
179,CERTIFICACION SANITARIA PDF,,,CALIDAD DEL AGUA Y MUESTREO,DOCUMENTAL,sin-norma,0,0,H3;H6,portal SUI DiccionarioConsultaV2 (barrido tab 1..1400),,
182,ACTO ADMINISTRATIVO QUE CREA DEPENDENCIA COORDINADORA DE PRESTACIÓN DEL SERVICIO DE ASEO PDF,326,RESOLUCION SSPD No. 20094000015085 de 2009,INSTITUCIONAL Y HABILITACION,DOCUMENTAL,derogada-pendiente-reasignacion,0,0,H2,portal SUI DiccionarioConsultaV2 (barrido tab 1..1400),,
184,ACTAS DE TOMA DE MUESTRAS CONCERTADAS PARA CARACTERÍSTICAS ESPECIALES RANGO 2 PDF,326,RESOLUCION SSPD No. 20094000015085 de 2009,CALIDAD DEL AGUA Y MUESTREO,DOCUMENTAL,derogada-pendiente-reasignacion,0,0,H2,portal SUI DiccionarioConsultaV2 (barrido tab 1..1400),,
185,ACTAS DE TOMA DE MUESTRAS CONCERTADAS PARA CARACTERISTICAS NO OBLIGATORIAS RANGO 1 PDF,326,RESOLUCION SSPD No. 20094000015085 de 2009,CALIDAD DEL AGUA Y MUESTREO,DOCUMENTAL,derogada-pendiente-reasignacion,0,0,H2,portal SUI DiccionarioConsultaV2 (barrido tab 1..1400),,
186,ACTAS DE TOMA DE MUESTRAS CONCERTADAS PARA CARACTERÍSTICAS BÁSICAS RANGO 1 PDF,326,RESOLUCION SSPD No. 20094000015085 de 2009,CALIDAD DEL AGUA Y MUESTREO,DOCUMENTAL,derogada-pendiente-reasignacion,0,0,H2,portal SUI DiccionarioConsultaV2 (barrido tab 1..1400),,
187,ACTAS DE TOMA DE MUESTRAS CONCERTADAS PARA CARACTERÍSTICAS BÁSICAS RANGO 2 PDF,326,RESOLUCION SSPD No. 20094000015085 de 2009,CALIDAD DEL AGUA Y MUESTREO,DOCUMENTAL,derogada-pendiente-reasignacion,0,0,H2,portal SUI DiccionarioConsultaV2 (barrido tab 1..1400),,
188,ACTAS DE TOMA DE MUESTRAS CONCERTADAS PARA CARACTERÍSTICAS BÁSICAS RANGO 3 PDF,326,RESOLUCION SSPD No. 20094000015085 de 2009,CALIDAD DEL AGUA Y MUESTREO,DOCUMENTAL,derogada-pendiente-reasignacion,0,0,H2,portal SUI DiccionarioConsultaV2 (barrido tab 1..1400),,
189,ACTAS DE TOMA DE MUESTRAS CONCERTADAS PARA CARACTERÍSTICAS BÁSICAS RANGO 4 PDF,326,RESOLUCION SSPD No. 20094000015085 de 2009,CALIDAD DEL AGUA Y MUESTREO,DOCUMENTAL,derogada-pendiente-reasignacion,0,0,H2,portal SUI DiccionarioConsultaV2 (barrido tab 1..1400),,
190,ACTAS DE TOMA DE MUESTRAS CONCERTADAS PARA CARACTERÍSTICAS ESPECIALES RANGO 3 PDF,326,RESOLUCION SSPD No. 20094000015085 de 2009,CALIDAD DEL AGUA Y MUESTREO,DOCUMENTAL,derogada-pendiente-reasignacion,0,0,H2,portal SUI DiccionarioConsultaV2 (barrido tab 1..1400),,
191,ACTAS DE TOMA DE MUESTRAS CONCERTADAS PARA CARACTERÍSTICAS ESPECIALES RANGO 4 PDF,326,RESOLUCION SSPD No. 20094000015085 de 2009,CALIDAD DEL AGUA Y MUESTREO,DOCUMENTAL,derogada-pendiente-reasignacion,0,0,H2,portal SUI DiccionarioConsultaV2 (barrido tab 1..1400),,
192,ACTAS DE TOMA DE MUESTRAS CONCERTADAS PARA CARACTERISTICAS NO OBLIGATORIAS RANGO 2 PDF,326,RESOLUCION SSPD No. 20094000015085 de 2009,CALIDAD DEL AGUA Y MUESTREO,DOCUMENTAL,derogada-pendiente-reasignacion,0,0,H2,portal SUI DiccionarioConsultaV2 (barrido tab 1..1400),,
193,ACTAS DE TOMA DE MUESTRAS CONCERTADAS PARA CARACTERISTICAS NO OBLIGATORIAS RANGO 3 PDF,326,RESOLUCION SSPD No. 20094000015085 de 2009,CALIDAD DEL AGUA Y MUESTREO,DOCUMENTAL,derogada-pendiente-reasignacion,0,0,H2,portal SUI DiccionarioConsultaV2 (barrido tab 1..1400),,
194,ACTAS DE TOMA DE MUESTRAS CONCERTADAS PARA CARACTERISTICAS NO OBLIGATORIAS RANGO 4 PDF,326,RESOLUCION SSPD No. 20094000015085 de 2009,CALIDAD DEL AGUA Y MUESTREO,DOCUMENTAL,derogada-pendiente-reasignacion,0,0,H2,portal SUI DiccionarioConsultaV2 (barrido tab 1..1400),,
196,CALIDAD ACTAS DE CONCERTACION PUNTOS DE MUESTREO RANGO 1 (PDF O TIFF),326,RESOLUCION SSPD No. 20094000015085 de 2009,CALIDAD DEL AGUA Y MUESTREO,DOCUMENTAL,derogada-pendiente-reasignacion,0,0,H2,portal SUI DiccionarioConsultaV2 (barrido tab 1..1400),,
197,CALIDAD ACTAS DE CONCERTACION PUNTOS DE MUESTREO RANGO 2 (PDF O TIFF),326,RESOLUCION SSPD No. 20094000015085 de 2009,CALIDAD DEL AGUA Y MUESTREO,DOCUMENTAL,derogada-pendiente-reasignacion,0,0,H2,portal SUI DiccionarioConsultaV2 (barrido tab 1..1400),,
198,CALIDAD ACTAS DE CONCERTACION PUNTOS DE MUESTREO RANGO 3 (PDF O TIFF),326,RESOLUCION SSPD No. 20094000015085 de 2009,CALIDAD DEL AGUA Y MUESTREO,DOCUMENTAL,derogada-pendiente-reasignacion,0,0,H2,portal SUI DiccionarioConsultaV2 (barrido tab 1..1400),,
199,ACTA DE RECIBO A CONFORMIDAD DE LA MATERIALIZACIÓN DE LOS PUNTOS DE MUESTREO - RANGO 1,326,RESOLUCION SSPD No. 20094000015085 de 2009,CALIDAD DEL AGUA Y MUESTREO,DOCUMENTAL,derogada-pendiente-reasignacion,0,0,H2,portal SUI DiccionarioConsultaV2 (barrido tab 1..1400),,
220,ACTA DE RECIBO A CONFORMIDAD DE LA MATERIALIZACIÓN DE LOS PUNTOS DE MUESTREO - RANGO 2,326,RESOLUCION SSPD No. 20094000015085 de 2009,CALIDAD DEL AGUA Y MUESTREO,DOCUMENTAL,derogada-pendiente-reasignacion,0,0,H2,portal SUI DiccionarioConsultaV2 (barrido tab 1..1400),,
221,ACTA DE RECIBO A CONFORMIDAD DE LA MATERIALIZACIÓN DE LOS PUNTOS DE MUESTREO - RANGO 3,326,RESOLUCION SSPD No. 20094000015085 de 2009,CALIDAD DEL AGUA Y MUESTREO,DOCUMENTAL,derogada-pendiente-reasignacion,0,0,H2,portal SUI DiccionarioConsultaV2 (barrido tab 1..1400),,
222,ACTA DE RECIBO A CONFORMIDAD DE LA MATERIALIZACIÓN DE LOS PUNTOS DE MUESTREO - RANGO 4,326,RESOLUCION SSPD No. 20094000015085 de 2009,CALIDAD DEL AGUA Y MUESTREO,DOCUMENTAL,derogada-pendiente-reasignacion,0,0,H2,portal SUI DiccionarioConsultaV2 (barrido tab 1..1400),,
224,ACTO APROBACION FACTORES DE SUBSIDIOS Y CONTRIBUCIONES ACUEDUCTO PDF,566,Resolución SSPD 20101300048765 DE 2010,SUBSIDIOS Y CONTRIBUCIONES,DOCUMENTAL,vigente-parcial-verificar,0,0,H2,portal SUI DiccionarioConsultaV2 (barrido tab 1..1400),,
225,ACTO APROBACION FACTORES DE SUBSIDIOS Y CONTRIBUCIONES ALCANTARILLADO PDF,566,Resolución SSPD 20101300048765 DE 2010,SUBSIDIOS Y CONTRIBUCIONES,DOCUMENTAL,vigente-parcial-verificar,0,0,H2,portal SUI DiccionarioConsultaV2 (barrido tab 1..1400),,
350,CERTIFICACION SANITARIA PDF,,,CALIDAD DEL AGUA Y MUESTREO,DOCUMENTAL,sin-norma,0,0,H3;H6,portal SUI DiccionarioConsultaV2 (barrido tab 1..1400),,
352,BASES DEL CALCULO DE LA ESTRATIFICACION SOCIOECONOMICA URBANA DE CIUDADES (ZIP-RAR),,,ESTRATIFICACION Y TERRITORIO,DOCUMENTAL,sin-norma,0,0,H3,portal SUI DiccionarioConsultaV2 (barrido tab 1..1400),,
380,DECRETO DE ADOPCION DE LA ESTRATIFICACION DE CENTROS POBLADOS RURALES PDF,,,ESTRATIFICACION Y TERRITORIO,DOCUMENTAL,sin-norma,0,0,H3,portal SUI DiccionarioConsultaV2 (barrido tab 1..1400),,
382,DECRETO DE ADOPCION DE LA ESTRATIFICACION DEL AREA URBANA PDF,,,ESTRATIFICACION Y TERRITORIO,DOCUMENTAL,sin-norma,0,0,H3,portal SUI DiccionarioConsultaV2 (barrido tab 1..1400),,
384,"ACTA DE ACTUALIZACIÓN DE LA CONCERTACIÓN DE PUNTOS DE MUESTREO RANGO 1, 2, 3 Y 4",566,Resolución SSPD 20101300048765 DE 2010,CALIDAD DEL AGUA Y MUESTREO,DOCUMENTAL,vigente-parcial-verificar,0,0,H2,portal SUI DiccionarioConsultaV2 (barrido tab 1..1400),,
455,FORMATO 18,9001,RESOLUCION - SSPD 11645 DE 2011,OTROS,ESTRUCTURADO,vigente-declarada,1,0,,portal SUI DiccionarioConsultaV2 (barrido tab 1..1400),,
700,COMERCIAL ACUEDUCTO,1,CIRCULAR CRA 001 - 2003,COMERCIAL Y FACTURACION,ESTRUCTURADO,vigente-declarada,1,0,,portal SUI DiccionarioConsultaV2 (barrido tab 1..1400),,
701,COMERCIAL ALCANTARILLADO,1,CIRCULAR CRA 001 - 2003,COMERCIAL Y FACTURACION,ESTRUCTURADO,vigente-declarada,1,0,,portal SUI DiccionarioConsultaV2 (barrido tab 1..1400),,
702,COMERCIAL ASEO,3,CIRCULAR SSPD-CRA 0002 - 2004,COMERCIAL Y FACTURACION,ESTRUCTURADO,vigente-declarada,1,0,,portal SUI DiccionarioConsultaV2 (barrido tab 1..1400),,
704,TARIFAS ACUEDUCTO (PROYECTADAS),3,CIRCULAR SSPD-CRA 0002 - 2004,TARIFARIO Y COSTOS,ESTRUCTURADO,vigente-declarada,1,0,,portal SUI DiccionarioConsultaV2 (barrido tab 1..1400),,
705,TARIFAS APLICADAS ACUEDUCTO,3,CIRCULAR SSPD-CRA 0002 - 2004,TARIFARIO Y COSTOS,ESTRUCTURADO,vigente-declarada,1,0,,portal SUI DiccionarioConsultaV2 (barrido tab 1..1400),,
706,TARIFAS ALCANTARILLADO (PROYECTADAS),3,CIRCULAR SSPD-CRA 0002 - 2004,TARIFARIO Y COSTOS,ESTRUCTURADO,vigente-declarada,1,0,,portal SUI DiccionarioConsultaV2 (barrido tab 1..1400),,
707,TARIFAS APLICADAS ALCANTARILLADO,3,CIRCULAR SSPD-CRA 0002 - 2004,TARIFARIO Y COSTOS,ESTRUCTURADO,vigente-declarada,1,0,,portal SUI DiccionarioConsultaV2 (barrido tab 1..1400),,
708,TARIFAS ASEO (proyectadas),3,CIRCULAR SSPD-CRA 0002 - 2004,TARIFARIO Y COSTOS,ESTRUCTURADO,vigente-declarada,1,0,,portal SUI DiccionarioConsultaV2 (barrido tab 1..1400),,
709,TARIFAS APLICADAS ASEO,3,CIRCULAR SSPD-CRA 0002 - 2004,TARIFARIO Y COSTOS,ESTRUCTURADO,vigente-declarada,1,0,,portal SUI DiccionarioConsultaV2 (barrido tab 1..1400),,
710,CONTRIBUCIONES Y SUBSIDIOS ACUEDUCTO,3,CIRCULAR SSPD-CRA 0002 - 2004,SUBSIDIOS Y CONTRIBUCIONES,ESTRUCTURADO,vigente-declarada,1,0,,portal SUI DiccionarioConsultaV2 (barrido tab 1..1400),,
711,CONTRIBUCIONES Y SUBSIDIOS ASEO,3,CIRCULAR SSPD-CRA 0002 - 2004,SUBSIDIOS Y CONTRIBUCIONES,ESTRUCTURADO,vigente-declarada,1,0,,portal SUI DiccionarioConsultaV2 (barrido tab 1..1400),,
715,COMERCIAL 2002 ACUEDUCTO,4,CIRCULAR SSPD CRA 004 - 2004,COMERCIAL Y FACTURACION,ESTRUCTURADO,vigente-declarada,1,0,,portal SUI DiccionarioConsultaV2 (barrido tab 1..1400),,
716,COMERCIAL 2002 ALCANTARILLADO,4,CIRCULAR SSPD CRA 004 - 2004,COMERCIAL Y FACTURACION,ESTRUCTURADO,vigente-declarada,1,0,,portal SUI DiccionarioConsultaV2 (barrido tab 1..1400),,
717,REDES SISTEMA ACUEDUCTO,4,CIRCULAR SSPD CRA 004 - 2004,TECNICO OPERATIVO,ESTRUCTURADO,vigente-declarada,1,0,,portal SUI DiccionarioConsultaV2 (barrido tab 1..1400),,
718,REDES SISTEMA ALCANTARILLADO,4,CIRCULAR SSPD CRA 004 - 2004,TECNICO OPERATIVO,ESTRUCTURADO,vigente-declarada,1,0,,portal SUI DiccionarioConsultaV2 (barrido tab 1..1400),,
719,CONTINUIDAD ACUEDUCTO,4,CIRCULAR SSPD CRA 004 - 2004,TECNICO OPERATIVO,ESTRUCTURADO,vigente-declarada,1,0,,portal SUI DiccionarioConsultaV2 (barrido tab 1..1400),,
720,PLAN DE TRANSICIÓN ACUEDUCTO,4,CIRCULAR SSPD CRA 004 - 2004,OTROS,ESTRUCTURADO,vigente-declarada,1,0,,portal SUI DiccionarioConsultaV2 (barrido tab 1..1400),,
721,PLAN DE TRANSICION ALCANTARILLADO,4,CIRCULAR SSPD CRA 004 - 2004,OTROS,ESTRUCTURADO,vigente-declarada,1,0,,portal SUI DiccionarioConsultaV2 (barrido tab 1..1400),,
722,CONTRIBUCIONES Y SUBSIDIOS ALCANTARILLADO,3,CIRCULAR SSPD-CRA 0002 - 2004,SUBSIDIOS Y CONTRIBUCIONES,ESTRUCTURADO,vigente-declarada,1,0,,portal SUI DiccionarioConsultaV2 (barrido tab 1..1400),,
730,ACUEDUCTO CUENTAS POR PAGAR,5,RESOLUCION SSPD 2535 - 2004,FINANCIERO Y CONTABLE,ESTRUCTURADO,vigente-declarada,1,0,,portal SUI DiccionarioConsultaV2 (barrido tab 1..1400),,
731,ALCANTARILLADO CUENTAS POR PAGAR,5,RESOLUCION SSPD 2535 - 2004,FINANCIERO Y CONTABLE,ESTRUCTURADO,vigente-declarada,1,0,,portal SUI DiccionarioConsultaV2 (barrido tab 1..1400),,
732,ASEO CUENTAS POR PAGAR,5,RESOLUCION SSPD 2535 - 2004,FINANCIERO Y CONTABLE,ESTRUCTURADO,vigente-declarada,1,0,,portal SUI DiccionarioConsultaV2 (barrido tab 1..1400),,
733,Corporaciones - Disposición final por Municipio,9002,CAPTURA INFORMACION CRA,TECNICO OPERATIVO,ESTRUCTURADO,vigente-declarada,1,0,,portal SUI DiccionarioConsultaV2 (barrido tab 1..1400),,
734,Corporaciones - Autorizaciones Ambientales,9002,CAPTURA INFORMACION CRA,OTROS,ESTRUCTURADO,vigente-declarada,1,0,,portal SUI DiccionarioConsultaV2 (barrido tab 1..1400),,
735,CONTINUIDAD DEL SERVICIO ACUEDUCTO RES 43495 - 2006,33,RESOLUCIÓN SSPD 43495 - 2006,TECNICO OPERATIVO,ESTRUCTURADO,vigente-declarada,1,0,,portal SUI DiccionarioConsultaV2 (barrido tab 1..1400),,
751,2. VERTICES DE AREAS DE PRESTACION DEL SERVICIO,9003,CIRCULAR SSPD - CRA 003 DE 2006,ESTRATIFICACION Y TERRITORIO,ESTRUCTURADO,vigente-declarada,1,0,,portal SUI DiccionarioConsultaV2 (barrido tab 1..1400),,
752,4. RECOLECCION Y TRANSPORTE,9003,CIRCULAR SSPD - CRA 003 DE 2006,TECNICO OPERATIVO,ESTRUCTURADO,vigente-declarada,1,0,,portal SUI DiccionarioConsultaV2 (barrido tab 1..1400),,
753,5. SITIOS APROVECHAMIENTO,9004,CIRCULAR SSPD - CRA 000006 de 2006,TECNICO OPERATIVO,ESTRUCTURADO,vigente-declarada,1,0,,portal SUI DiccionarioConsultaV2 (barrido tab 1..1400),,
754,3. REGISTRO DE VEHICULOS,9003,CIRCULAR SSPD - CRA 003 DE 2006,TECNICO OPERATIVO,ESTRUCTURADO,vigente-declarada,1,0,,portal SUI DiccionarioConsultaV2 (barrido tab 1..1400),,
755,1. COMERCIAL ASEO - CRA 003 de 2006,9003,CIRCULAR SSPD - CRA 003 DE 2006,COMERCIAL Y FACTURACION,ESTRUCTURADO,vigente-declarada,1,0,,portal SUI DiccionarioConsultaV2 (barrido tab 1..1400),,
756,6. ESTACIONES DE TRANSFERENCIA,9003,CIRCULAR SSPD - CRA 003 DE 2006,TECNICO OPERATIVO,ESTRUCTURADO,vigente-declarada,1,0,,portal SUI DiccionarioConsultaV2 (barrido tab 1..1400),,
757,7. PEAJES,9003,CIRCULAR SSPD - CRA 003 DE 2006,TECNICO OPERATIVO,ESTRUCTURADO,vigente-declarada,1,0,,portal SUI DiccionarioConsultaV2 (barrido tab 1..1400),,
758,8. DISPOSICION FINAL - OPERADOR DEL SITIO,9003,CIRCULAR SSPD - CRA 003 DE 2006,TECNICO OPERATIVO,ESTRUCTURADO,vigente-declarada,1,0,,portal SUI DiccionarioConsultaV2 (barrido tab 1..1400),,
761,MATRIZ DE RIESGO ENERGIA,39,RESOLUCION SSPD 12295 - 2006,RIESGO Y GOBIERNO CORPORATIVO,ESTRUCTURADO,vigente-declarada,1,0,,portal SUI DiccionarioConsultaV2 (barrido tab 1..1400),,
762,MATRIZ DE RIESGO GAS NATURAL,39,RESOLUCION SSPD 12295 - 2006,RIESGO Y GOBIERNO CORPORATIVO,ESTRUCTURADO,vigente-declarada,1,0,,portal SUI DiccionarioConsultaV2 (barrido tab 1..1400),,
763,MATRIZ DE RIESGOS GLP,39,RESOLUCION SSPD 12295 - 2006,RIESGO Y GOBIERNO CORPORATIVO,ESTRUCTURADO,vigente-declarada,1,0,,portal SUI DiccionarioConsultaV2 (barrido tab 1..1400),,
764,MATRIZ DE RIESGO TELECOMUNICACIONES,39,RESOLUCION SSPD 12295 - 2006,RIESGO Y GOBIERNO CORPORATIVO,ESTRUCTURADO,vigente-declarada,1,0,,portal SUI DiccionarioConsultaV2 (barrido tab 1..1400),,
765,MATRIZ DE RIESGO ACUEDUCTO,39,RESOLUCION SSPD 12295 - 2006,RIESGO Y GOBIERNO CORPORATIVO,ESTRUCTURADO,vigente-declarada,1,0,,portal SUI DiccionarioConsultaV2 (barrido tab 1..1400),,
766,MATRIZ DE RIESGO ALCANTARILLADO,39,RESOLUCION SSPD 12295 - 2006,RIESGO Y GOBIERNO CORPORATIVO,ESTRUCTURADO,vigente-declarada,1,0,,portal SUI DiccionarioConsultaV2 (barrido tab 1..1400),,
767,MATRIZ DE RIESGO ASEO,39,RESOLUCION SSPD 12295 - 2006,RIESGO Y GOBIERNO CORPORATIVO,ESTRUCTURADO,vigente-declarada,1,0,,portal SUI DiccionarioConsultaV2 (barrido tab 1..1400),,
768,DIAGNOSTICO SOBRE NIVEL DE RIESGO PDF ACUEDUCTO,39,RESOLUCION SSPD 12295 - 2006,RIESGO Y GOBIERNO CORPORATIVO,DOCUMENTAL,vigente-declarada,0,0,,portal SUI DiccionarioConsultaV2 (barrido tab 1..1400),,
769,CONCEPTO ENCUESTA CONTROL INTERNO PDF ACUEDUCTO,39,RESOLUCION SSPD 12295 - 2006,RIESGO Y GOBIERNO CORPORATIVO,DOCUMENTAL,vigente-declarada,0,0,,portal SUI DiccionarioConsultaV2 (barrido tab 1..1400),,
770,ANALISIS Y EVALUACION DE PUNTOS ESPECIFICOS PDF ACUEDUCTO,39,RESOLUCION SSPD 12295 - 2006,OTROS,DOCUMENTAL,vigente-declarada,0,0,,portal SUI DiccionarioConsultaV2 (barrido tab 1..1400),,
771,VIABILIDAD FINANCIERA PDF ACUEDUCTO,39,RESOLUCION SSPD 12295 - 2006,FINANCIERO Y CONTABLE,DOCUMENTAL,vigente-declarada,0,0,,portal SUI DiccionarioConsultaV2 (barrido tab 1..1400),,
772,ORGANIGRAMA PDF ACUEDUCTO,39,RESOLUCION SSPD 12295 - 2006,RIESGO Y GOBIERNO CORPORATIVO,DOCUMENTAL,vigente-declarada,0,0,,portal SUI DiccionarioConsultaV2 (barrido tab 1..1400),,
773,NOVEDADES PDF ACUEDUCTO,39,RESOLUCION SSPD 12295 - 2006,RIESGO Y GOBIERNO CORPORATIVO,DOCUMENTAL,vigente-declarada,0,0,,portal SUI DiccionarioConsultaV2 (barrido tab 1..1400),,
774,DIAGNOSTICO SOBRE NIVEL DE RIESGO PDF ALCANTARILLADO,39,RESOLUCION SSPD 12295 - 2006,RIESGO Y GOBIERNO CORPORATIVO,DOCUMENTAL,vigente-declarada,0,0,,portal SUI DiccionarioConsultaV2 (barrido tab 1..1400),,
775,CONCEPTO ENCUESTA CONTROL INTERNO PDF ALCANTARILLADO,39,RESOLUCION SSPD 12295 - 2006,RIESGO Y GOBIERNO CORPORATIVO,DOCUMENTAL,vigente-declarada,0,0,,portal SUI DiccionarioConsultaV2 (barrido tab 1..1400),,
776,ANALISIS Y EVALUACION DE PUNTOS ESPECIFICOS PDF ALCANTARILLADO,39,RESOLUCION SSPD 12295 - 2006,OTROS,DOCUMENTAL,vigente-declarada,0,0,,portal SUI DiccionarioConsultaV2 (barrido tab 1..1400),,
777,VIABILIDAD FINANCIERA PDF ALCANTARILLADO,39,RESOLUCION SSPD 12295 - 2006,FINANCIERO Y CONTABLE,DOCUMENTAL,vigente-declarada,0,0,,portal SUI DiccionarioConsultaV2 (barrido tab 1..1400),,
778,ORGANIGRAMA PDF ALCANTARILLADO,39,RESOLUCION SSPD 12295 - 2006,RIESGO Y GOBIERNO CORPORATIVO,DOCUMENTAL,vigente-declarada,0,0,,portal SUI DiccionarioConsultaV2 (barrido tab 1..1400),,
779,NOVEDADES PDF ALCANTARILLADO,39,RESOLUCION SSPD 12295 - 2006,RIESGO Y GOBIERNO CORPORATIVO,DOCUMENTAL,vigente-declarada,0,0,,portal SUI DiccionarioConsultaV2 (barrido tab 1..1400),,
780,DIAGNOSTICO SOBRE NIVEL DE RIESGO PDF ASEO,39,RESOLUCION SSPD 12295 - 2006,RIESGO Y GOBIERNO CORPORATIVO,DOCUMENTAL,vigente-declarada,0,0,,portal SUI DiccionarioConsultaV2 (barrido tab 1..1400),,
781,CONCEPTO ENCUESTA CONTROL INTERNO PDF ASEO,39,RESOLUCION SSPD 12295 - 2006,RIESGO Y GOBIERNO CORPORATIVO,DOCUMENTAL,vigente-declarada,0,0,,portal SUI DiccionarioConsultaV2 (barrido tab 1..1400),,
782,ANALISIS Y EVALUACION DE PUNTOS ESPECIFICOS PDF ASEO,39,RESOLUCION SSPD 12295 - 2006,OTROS,DOCUMENTAL,vigente-declarada,0,0,,portal SUI DiccionarioConsultaV2 (barrido tab 1..1400),,
783,VIABILIDAD FINANCIERA PDF ASEO,39,RESOLUCION SSPD 12295 - 2006,FINANCIERO Y CONTABLE,DOCUMENTAL,vigente-declarada,0,0,,portal SUI DiccionarioConsultaV2 (barrido tab 1..1400),,
784,ORGANIGRAMA PDF ASEO,39,RESOLUCION SSPD 12295 - 2006,RIESGO Y GOBIERNO CORPORATIVO,DOCUMENTAL,vigente-declarada,0,0,,portal SUI DiccionarioConsultaV2 (barrido tab 1..1400),,
785,NOVEDADES PDF ASEO,39,RESOLUCION SSPD 12295 - 2006,RIESGO Y GOBIERNO CORPORATIVO,DOCUMENTAL,vigente-declarada,0,0,,portal SUI DiccionarioConsultaV2 (barrido tab 1..1400),,
787,CONCEPTO ENCUESTA CONTROL INTERNO PDF TELECOMUNICACIONES,39,RESOLUCION SSPD 12295 - 2006,RIESGO Y GOBIERNO CORPORATIVO,DOCUMENTAL,vigente-declarada,0,0,,portal SUI DiccionarioConsultaV2 (barrido tab 1..1400),,
788,ANALISIS Y EVALUACION DE PUNTOS ESPECIFICOS PDF TELECOMUNICACIONES,39,RESOLUCION SSPD 12295 - 2006,OTROS,DOCUMENTAL,vigente-declarada,0,0,,portal SUI DiccionarioConsultaV2 (barrido tab 1..1400),,
789,VIABILIDAD FINANCIERA PDF TELECOMUNICACIONES,39,RESOLUCION SSPD 12295 - 2006,FINANCIERO Y CONTABLE,DOCUMENTAL,vigente-declarada,0,0,,portal SUI DiccionarioConsultaV2 (barrido tab 1..1400),,
790,ORGANIGRAMA PDF TELECOMUNICACIONES,39,RESOLUCION SSPD 12295 - 2006,RIESGO Y GOBIERNO CORPORATIVO,DOCUMENTAL,vigente-declarada,0,0,,portal SUI DiccionarioConsultaV2 (barrido tab 1..1400),,
791,NOVEDADES PDF TELECOMUNICACIONES,39,RESOLUCION SSPD 12295 - 2006,RIESGO Y GOBIERNO CORPORATIVO,DOCUMENTAL,vigente-declarada,0,0,,portal SUI DiccionarioConsultaV2 (barrido tab 1..1400),,
833,SUSCRIPTORES PROYECTADOS ACUEDUCTO RES 43495 - 2006,33,RESOLUCIÓN SSPD 43495 - 2006,COMERCIAL Y FACTURACION,ESTRUCTURADO,vigente-declarada,1,0,,portal SUI DiccionarioConsultaV2 (barrido tab 1..1400),,
834,SUSCRIPTORES PROYECTADOS ALCANTARILLADO RES 43495 - 2006,33,RESOLUCIÓN SSPD 43495 - 2006,COMERCIAL Y FACTURACION,ESTRUCTURADO,vigente-declarada,1,0,,portal SUI DiccionarioConsultaV2 (barrido tab 1..1400),,
857,9. TARIFAS APLICADAS ASEO,326,RESOLUCION SSPD No. 20094000015085 de 2009,TARIFARIO Y COSTOS,ESTRUCTURADO,derogada-pendiente-reasignacion,1,0,H2,portal SUI DiccionarioConsultaV2 (barrido tab 1..1400),,
858,DISPOSICION FINAL - OPERADOR DE SITIO (EMPRESAS SIN NUAP),9004,CIRCULAR SSPD - CRA 000006 de 2006,TECNICO OPERATIVO,ESTRUCTURADO,vigente-declarada,1,0,,portal SUI DiccionarioConsultaV2 (barrido tab 1..1400),,
870,CUENTAS POR COBRAR ENERGIA RES 2395,446,SSPD 20081300002485 DE 2008,FINANCIERO Y CONTABLE,ESTRUCTURADO,vigente-declarada,1,0,,portal SUI DiccionarioConsultaV2 (barrido tab 1..1400),,
871,CUENTAS POR PAGAR ENERGIA RES 2395,446,SSPD 20081300002485 DE 2008,FINANCIERO Y CONTABLE,ESTRUCTURADO,vigente-declarada,1,0,,portal SUI DiccionarioConsultaV2 (barrido tab 1..1400),,
872,FLUJO DE CAJA PROYECTADO ENERGIA RES 2395,446,SSPD 20081300002485 DE 2008,FINANCIERO Y CONTABLE,ESTRUCTURADO,vigente-declarada,1,0,,portal SUI DiccionarioConsultaV2 (barrido tab 1..1400),,
873,CONCEPTOS FLUJO DE CAJA ENERGIA RES 2395,446,SSPD 20081300002485 DE 2008,FINANCIERO Y CONTABLE,ESTRUCTURADO,vigente-declarada,1,0,,portal SUI DiccionarioConsultaV2 (barrido tab 1..1400),,
874,ESTADO DE RESULTADOS PROYECTADO ENERGIA RES 2395,446,SSPD 20081300002485 DE 2008,FINANCIERO Y CONTABLE,ESTRUCTURADO,vigente-declarada,1,0,,portal SUI DiccionarioConsultaV2 (barrido tab 1..1400),,
875,CONCEPTOS ESTADO DE RESULTADOS PROYECTADO ENERGIA RES 2395,446,SSPD 20081300002485 DE 2008,FINANCIERO Y CONTABLE,ESTRUCTURADO,vigente-declarada,1,0,,portal SUI DiccionarioConsultaV2 (barrido tab 1..1400),,
876,BALANCE GENERAL PROYECTADO ENERGIA RES 2395,446,SSPD 20081300002485 DE 2008,FINANCIERO Y CONTABLE,ESTRUCTURADO,vigente-declarada,1,0,,portal SUI DiccionarioConsultaV2 (barrido tab 1..1400),,
877,CONCEPTOS BALANCE GENERAL PROYECTADO ENERGIA RES 2395,446,SSPD 20081300002485 DE 2008,FINANCIERO Y CONTABLE,ESTRUCTURADO,vigente-declarada,1,0,,portal SUI DiccionarioConsultaV2 (barrido tab 1..1400),,
878,CUENTAS POR COBRAR - ACUEDUCTO,22,RESOLUCION SSPD 2395 - 2005,FINANCIERO Y CONTABLE,ESTRUCTURADO,vigente-declarada,1,0,,portal SUI DiccionarioConsultaV2 (barrido tab 1..1400),,
879,CUENTAS POR COBRAR ALCANTARILLADO,22,RESOLUCION SSPD 2395 - 2005,FINANCIERO Y CONTABLE,ESTRUCTURADO,vigente-declarada,1,0,,portal SUI DiccionarioConsultaV2 (barrido tab 1..1400),,
880,M3 VERTIDOS FACTURADOS,188,CIRCULAR SSPD - CRA 000001 de 2007,COMERCIAL Y FACTURACION,ESTRUCTURADO,vigente-declarada,1,0,,portal SUI DiccionarioConsultaV2 (barrido tab 1..1400),,
881,ACUEDUCTO - UNIDADES MULTIUSUARIOS,188,CIRCULAR SSPD - CRA 000001 de 2007,COMERCIAL Y FACTURACION,ESTRUCTURADO,vigente-declarada,1,0,,portal SUI DiccionarioConsultaV2 (barrido tab 1..1400),,
882,ALCANTARILLADO - UNIDADES MULTIUSUARIOS,188,CIRCULAR SSPD - CRA 000001 de 2007,COMERCIAL Y FACTURACION,ESTRUCTURADO,vigente-declarada,1,0,,portal SUI DiccionarioConsultaV2 (barrido tab 1..1400),,
883,CUENTAS POR COBRAR RES 2395 (TELECOMUNICACIONES),22,RESOLUCION SSPD 2395 - 2005,FINANCIERO Y CONTABLE,ESTRUCTURADO,vigente-declarada,1,0,,portal SUI DiccionarioConsultaV2 (barrido tab 1..1400),,
884,CUENTAS POR PAGAR - ACUEDUCTO,22,RESOLUCION SSPD 2395 - 2005,FINANCIERO Y CONTABLE,ESTRUCTURADO,vigente-declarada,1,0,,portal SUI DiccionarioConsultaV2 (barrido tab 1..1400),,
885,CUENTAS POR PAGAR ALCANTARILLADO,22,RESOLUCION SSPD 2395 - 2005,FINANCIERO Y CONTABLE,ESTRUCTURADO,vigente-declarada,1,0,,portal SUI DiccionarioConsultaV2 (barrido tab 1..1400),,
886,CUENTAS POR PAGAR RES 2395 (ASEO),22,RESOLUCION SSPD 2395 - 2005,FINANCIERO Y CONTABLE,ESTRUCTURADO,vigente-declarada,1,0,,portal SUI DiccionarioConsultaV2 (barrido tab 1..1400),,
887,CUENTAS POR PAGAR GAS RES 2395,446,SSPD 20081300002485 DE 2008,FINANCIERO Y CONTABLE,ESTRUCTURADO,vigente-declarada,1,0,,portal SUI DiccionarioConsultaV2 (barrido tab 1..1400),,
888,CUENTAS POR PAGAR GLP RES 2395,446,SSPD 20081300002485 DE 2008,FINANCIERO Y CONTABLE,ESTRUCTURADO,vigente-declarada,1,0,,portal SUI DiccionarioConsultaV2 (barrido tab 1..1400),,
889,CUENTAS POR PAGAR RES 2395 (TELECOMUNICACIONES),22,RESOLUCION SSPD 2395 - 2005,FINANCIERO Y CONTABLE,ESTRUCTURADO,vigente-declarada,1,0,,portal SUI DiccionarioConsultaV2 (barrido tab 1..1400),,
890,FLUJO DE CAJA PROYECTADO RES 2395* MODIFICADO POR RESOLUCIÓN 20051300006465 DE 14 DE ABRIL DE 2005.,22,RESOLUCION SSPD 2395 - 2005,FINANCIERO Y CONTABLE,ESTRUCTURADO,vigente-declarada,1,0,,portal SUI DiccionarioConsultaV2 (barrido tab 1..1400),,
891,FLUJO DE CAJA PROYECTADO RES 2395* MODIFICADO POR RESOLUCIÓN 20051300006465 DE 14 DE ABRIL DE 2005.,22,RESOLUCION SSPD 2395 - 2005,FINANCIERO Y CONTABLE,ESTRUCTURADO,vigente-declarada,1,0,,portal SUI DiccionarioConsultaV2 (barrido tab 1..1400),,
892,FLUJO DE CAJA PROYECTADO RES 2395 (ASEO),22,RESOLUCION SSPD 2395 - 2005,FINANCIERO Y CONTABLE,ESTRUCTURADO,vigente-declarada,1,0,,portal SUI DiccionarioConsultaV2 (barrido tab 1..1400),,
893,FLUJO DE CAJA PROYECTADO GAS RES 2395,446,SSPD 20081300002485 DE 2008,FINANCIERO Y CONTABLE,ESTRUCTURADO,vigente-declarada,1,0,,portal SUI DiccionarioConsultaV2 (barrido tab 1..1400),,
894,FLUJO DE CAJA PROYECTADO GLP RES 2395,446,SSPD 20081300002485 DE 2008,FINANCIERO Y CONTABLE,ESTRUCTURADO,vigente-declarada,1,0,,portal SUI DiccionarioConsultaV2 (barrido tab 1..1400),,
895,FLUJO DE CAJA PROYECTADO RES 2395 (TELECOMUNICACIONES),22,RESOLUCION SSPD 2395 - 2005,FINANCIERO Y CONTABLE,ESTRUCTURADO,vigente-declarada,1,0,,portal SUI DiccionarioConsultaV2 (barrido tab 1..1400),,
896,CONCEPTOS FLUJO DE CAJA RES 2395,22,RESOLUCION SSPD 2395 - 2005,FINANCIERO Y CONTABLE,ESTRUCTURADO,vigente-declarada,1,0,,portal SUI DiccionarioConsultaV2 (barrido tab 1..1400),,
897,CONCEPTOS FLUJO DE CAJA RES 2395,22,RESOLUCION SSPD 2395 - 2005,FINANCIERO Y CONTABLE,ESTRUCTURADO,vigente-declarada,1,0,,portal SUI DiccionarioConsultaV2 (barrido tab 1..1400),,
898,CONCEPTOS FLUJO DE CAJA RES 2395 (ASEO),22,RESOLUCION SSPD 2395 - 2005,FINANCIERO Y CONTABLE,ESTRUCTURADO,vigente-declarada,1,0,,portal SUI DiccionarioConsultaV2 (barrido tab 1..1400),,
899,CONCEPTOS FLUJO DE CAJA GAS RES 2395,446,SSPD 20081300002485 DE 2008,FINANCIERO Y CONTABLE,ESTRUCTURADO,vigente-declarada,1,0,,portal SUI DiccionarioConsultaV2 (barrido tab 1..1400),,
900,CONCEPTOS FLUJO DE CAJA GLP RES 2395,446,SSPD 20081300002485 DE 2008,FINANCIERO Y CONTABLE,ESTRUCTURADO,vigente-declarada,1,0,,portal SUI DiccionarioConsultaV2 (barrido tab 1..1400),,
901,CONCEPTOS FLUJO DE CAJA RES 2395 (TELECOMUNICACIONES),22,RESOLUCION SSPD 2395 - 2005,FINANCIERO Y CONTABLE,ESTRUCTURADO,vigente-declarada,1,0,,portal SUI DiccionarioConsultaV2 (barrido tab 1..1400),,
902,ESTADO DE RESULTADOS PROYECTADO RES 2395* MODIFICADO POR RESOLUCIÓN 20051300006465 DE 14 DE ABRIL DE 2005.,22,RESOLUCION SSPD 2395 - 2005,FINANCIERO Y CONTABLE,ESTRUCTURADO,vigente-declarada,1,0,,portal SUI DiccionarioConsultaV2 (barrido tab 1..1400),,
903,ESTADO DE RESULTADOS PROYECTADO RES 2395* MODIFICADO POR RESOLUCIÓN 20051300006465 DE 14 DE ABRIL DE 2005.,22,RESOLUCION SSPD 2395 - 2005,FINANCIERO Y CONTABLE,ESTRUCTURADO,vigente-declarada,1,0,,portal SUI DiccionarioConsultaV2 (barrido tab 1..1400),,
904,ESTADO DE RESULTADOS PROYECTADO RES 2395 (ASEO),22,RESOLUCION SSPD 2395 - 2005,FINANCIERO Y CONTABLE,ESTRUCTURADO,vigente-declarada,1,0,,portal SUI DiccionarioConsultaV2 (barrido tab 1..1400),,
905,ESTADO DE RESULTADOS PROYECTADO GAS RES 2395,446,SSPD 20081300002485 DE 2008,FINANCIERO Y CONTABLE,ESTRUCTURADO,vigente-declarada,1,0,,portal SUI DiccionarioConsultaV2 (barrido tab 1..1400),,
906,ESTADO DE RESULTADOS PROYECTADO GLP RES 2395,446,SSPD 20081300002485 DE 2008,FINANCIERO Y CONTABLE,ESTRUCTURADO,vigente-declarada,1,0,,portal SUI DiccionarioConsultaV2 (barrido tab 1..1400),,
907,CONCEPTOS ESTADO DE RESULTADOS PROYECTADO RES 2395,22,RESOLUCION SSPD 2395 - 2005,FINANCIERO Y CONTABLE,ESTRUCTURADO,vigente-declarada,1,0,,portal SUI DiccionarioConsultaV2 (barrido tab 1..1400),,
908,CONCEPTOS ESTADO DE RESULTADOS PROYECTADO RES 2395,22,RESOLUCION SSPD 2395 - 2005,FINANCIERO Y CONTABLE,ESTRUCTURADO,vigente-declarada,1,0,,portal SUI DiccionarioConsultaV2 (barrido tab 1..1400),,
909,CONCEPTOS ESTADO DE RESULTADOS PROYECTADO RES 2395 (ASEO),22,RESOLUCION SSPD 2395 - 2005,FINANCIERO Y CONTABLE,ESTRUCTURADO,vigente-declarada,1,0,,portal SUI DiccionarioConsultaV2 (barrido tab 1..1400),,
910,CONCEPTOS ESTADO DE RESULTADOS PROYECTADO GAS RES 2395,446,SSPD 20081300002485 DE 2008,FINANCIERO Y CONTABLE,ESTRUCTURADO,vigente-declarada,1,0,,portal SUI DiccionarioConsultaV2 (barrido tab 1..1400),,
911,CONCEPTOS ESTADO DE RESULTADOS PROYECTADO GLP RES 2395,446,SSPD 20081300002485 DE 2008,FINANCIERO Y CONTABLE,ESTRUCTURADO,vigente-declarada,1,0,,portal SUI DiccionarioConsultaV2 (barrido tab 1..1400),,
912,CONCEPTOS ESTADO DE RESULTADOS PROYECTADO RES 2395 (TELECOMUNICACIONES),22,RESOLUCION SSPD 2395 - 2005,FINANCIERO Y CONTABLE,ESTRUCTURADO,vigente-declarada,1,0,,portal SUI DiccionarioConsultaV2 (barrido tab 1..1400),,
913,BALANCE GENERAL PROYECTADO RES 2395* MODIFICADO POR RESOLUCIÓN 20051300006465 DE 14 DE ABRIL DE 2005.,22,RESOLUCION SSPD 2395 - 2005,FINANCIERO Y CONTABLE,ESTRUCTURADO,vigente-declarada,1,0,,portal SUI DiccionarioConsultaV2 (barrido tab 1..1400),,
914,BALANCE GENERAL PROYECTADO RES 2395* MODIFICADO POR RESOLUCIÓN 20051300006465 DE 14 DE ABRIL DE 2005.,22,RESOLUCION SSPD 2395 - 2005,FINANCIERO Y CONTABLE,ESTRUCTURADO,vigente-declarada,1,0,,portal SUI DiccionarioConsultaV2 (barrido tab 1..1400),,
915,BALANCE GENERAL PROYECTADO RES 2395 (ASEO),22,RESOLUCION SSPD 2395 - 2005,FINANCIERO Y CONTABLE,ESTRUCTURADO,vigente-declarada,1,0,,portal SUI DiccionarioConsultaV2 (barrido tab 1..1400),,
916,BALANCE GENERAL PROYECTADO GAS RES 2395,446,SSPD 20081300002485 DE 2008,FINANCIERO Y CONTABLE,ESTRUCTURADO,vigente-declarada,1,0,,portal SUI DiccionarioConsultaV2 (barrido tab 1..1400),,
917,BALANCE GENERAL PROYECTADO GLP RES 2395,446,SSPD 20081300002485 DE 2008,FINANCIERO Y CONTABLE,ESTRUCTURADO,vigente-declarada,1,0,,portal SUI DiccionarioConsultaV2 (barrido tab 1..1400),,
918,BALANCE GENERAL PROYECTADO RES 2395 (TELECOMUNICACIONES),22,RESOLUCION SSPD 2395 - 2005,FINANCIERO Y CONTABLE,ESTRUCTURADO,vigente-declarada,1,0,,portal SUI DiccionarioConsultaV2 (barrido tab 1..1400),,
919,CONCEPTOS BALANCE GENERAL PROYECTADO RES 2395,22,RESOLUCION SSPD 2395 - 2005,FINANCIERO Y CONTABLE,ESTRUCTURADO,vigente-declarada,1,0,,portal SUI DiccionarioConsultaV2 (barrido tab 1..1400),,
920,CONCEPTOS BALANCE GENERAL PROYECTADO RES 2395,22,RESOLUCION SSPD 2395 - 2005,FINANCIERO Y CONTABLE,ESTRUCTURADO,vigente-declarada,1,0,,portal SUI DiccionarioConsultaV2 (barrido tab 1..1400),,
921,CONCEPTOS BALANCE GENERAL PROYECTADO RES 2395 (ASEO),22,RESOLUCION SSPD 2395 - 2005,FINANCIERO Y CONTABLE,ESTRUCTURADO,vigente-declarada,1,0,,portal SUI DiccionarioConsultaV2 (barrido tab 1..1400),,
922,CONCEPTOS BALANCE GENERAL PROYECTADO GAS RES 2395,446,SSPD 20081300002485 DE 2008,FINANCIERO Y CONTABLE,ESTRUCTURADO,vigente-declarada,1,0,,portal SUI DiccionarioConsultaV2 (barrido tab 1..1400),,
923,CONCEPTOS BALANCE GENERAL PROYECTADO GLP RES 2395,446,SSPD 20081300002485 DE 2008,FINANCIERO Y CONTABLE,ESTRUCTURADO,vigente-declarada,1,0,,portal SUI DiccionarioConsultaV2 (barrido tab 1..1400),,
924,CONCEPTOS BALANCE GENERAL PROYECTADO RES 2395 (TELECOMUNICACIONES),22,RESOLUCION SSPD 2395 - 2005,FINANCIERO Y CONTABLE,ESTRUCTURADO,vigente-declarada,1,0,,portal SUI DiccionarioConsultaV2 (barrido tab 1..1400),,
925,CUENTAS POR COBRAR RES 2395 (ASEO),22,RESOLUCION SSPD 2395 - 2005,FINANCIERO Y CONTABLE,ESTRUCTURADO,vigente-declarada,1,0,,portal SUI DiccionarioConsultaV2 (barrido tab 1..1400),,
926,CUENTAS POR COBRAR GAS RES 2395,446,SSPD 20081300002485 DE 2008,FINANCIERO Y CONTABLE,ESTRUCTURADO,vigente-declarada,1,0,,portal SUI DiccionarioConsultaV2 (barrido tab 1..1400),,
927,CUENTAS POR COBRAR GLP RES 2395,446,SSPD 20081300002485 DE 2008,FINANCIERO Y CONTABLE,ESTRUCTURADO,vigente-declarada,1,0,,portal SUI DiccionarioConsultaV2 (barrido tab 1..1400),,
928,ESTADO DE RESULTADOS PROYECTADO RES 2395 (TELECOMUNICACIONES),22,RESOLUCION SSPD 2395 - 2005,FINANCIERO Y CONTABLE,ESTRUCTURADO,vigente-declarada,1,0,,portal SUI DiccionarioConsultaV2 (barrido tab 1..1400),,
939,MATRIZ DE RIESGOS GLP,39,RESOLUCION SSPD 12295 - 2006,RIESGO Y GOBIERNO CORPORATIVO,ESTRUCTURADO,vigente-declarada,1,0,,portal SUI DiccionarioConsultaV2 (barrido tab 1..1400),,
940,CODIGOS ADICIONALES MATRIZ RIESGOS GLP,39,RESOLUCION SSPD 12295 - 2006,OTROS,ESTRUCTURADO,vigente-declarada,1,0,,portal SUI DiccionarioConsultaV2 (barrido tab 1..1400),,
941,NOVEDADES PDF GAS NATURAL,39,RESOLUCION SSPD 12295 - 2006,RIESGO Y GOBIERNO CORPORATIVO,DOCUMENTAL,vigente-declarada,0,0,,portal SUI DiccionarioConsultaV2 (barrido tab 1..1400),,
942,ORGANIGRAMA PDF GAS NATURAL,39,RESOLUCION SSPD 12295 - 2006,RIESGO Y GOBIERNO CORPORATIVO,DOCUMENTAL,vigente-declarada,0,0,,portal SUI DiccionarioConsultaV2 (barrido tab 1..1400),,
943,VIABILIDAD FINANCIERA PDF GAS NATURAL,39,RESOLUCION SSPD 12295 - 2006,FINANCIERO Y CONTABLE,DOCUMENTAL,vigente-declarada,0,0,,portal SUI DiccionarioConsultaV2 (barrido tab 1..1400),,
944,ANALISIS Y EVALUACION DE PUNTOS ESPECIFICOS PDF GAS NATURAL,39,RESOLUCION SSPD 12295 - 2006,OTROS,DOCUMENTAL,vigente-declarada,0,0,,portal SUI DiccionarioConsultaV2 (barrido tab 1..1400),,
945,CONCEPTO ENCUESTA CONTROL INTERNO GAS PDF NATURAL,39,RESOLUCION SSPD 12295 - 2006,RIESGO Y GOBIERNO CORPORATIVO,DOCUMENTAL,vigente-declarada,0,0,,portal SUI DiccionarioConsultaV2 (barrido tab 1..1400),,
946,DIAGNOSTICO SOBRE NIVEL DE RIESGO PDF GAS NATURAL,39,RESOLUCION SSPD 12295 - 2006,RIESGO Y GOBIERNO CORPORATIVO,DOCUMENTAL,vigente-declarada,0,0,,portal SUI DiccionarioConsultaV2 (barrido tab 1..1400),,
947,NOVEDADADES PDF ENERGIA,39,RESOLUCION SSPD 12295 - 2006,OTROS,DOCUMENTAL,vigente-declarada,0,0,,portal SUI DiccionarioConsultaV2 (barrido tab 1..1400),,
949,ORGANIGRAMA PDF ENERGIA,39,RESOLUCION SSPD 12295 - 2006,RIESGO Y GOBIERNO CORPORATIVO,DOCUMENTAL,vigente-declarada,0,0,,portal SUI DiccionarioConsultaV2 (barrido tab 1..1400),,
950,VIABILIDAD FINANCIERA PDF ENERGIA,39,RESOLUCION SSPD 12295 - 2006,FINANCIERO Y CONTABLE,DOCUMENTAL,vigente-declarada,0,0,,portal SUI DiccionarioConsultaV2 (barrido tab 1..1400),,
951,ANALISIS Y EVALUACION DE PUNTOS ESPECIFICOS PDF ENERGIA,39,RESOLUCION SSPD 12295 - 2006,OTROS,DOCUMENTAL,vigente-declarada,0,0,,portal SUI DiccionarioConsultaV2 (barrido tab 1..1400),,
952,CONCEPTO ENCUESTA CONTROL INTERNO PDF ENERGIA,39,RESOLUCION SSPD 12295 - 2006,RIESGO Y GOBIERNO CORPORATIVO,DOCUMENTAL,vigente-declarada,0,0,,portal SUI DiccionarioConsultaV2 (barrido tab 1..1400),,
954,NOVEDADES PDF GLP,39,RESOLUCION SSPD 12295 - 2006,RIESGO Y GOBIERNO CORPORATIVO,DOCUMENTAL,vigente-declarada,0,0,,portal SUI DiccionarioConsultaV2 (barrido tab 1..1400),,
955,ORGANIGRAMA PDF GLP,39,RESOLUCION SSPD 12295 - 2006,RIESGO Y GOBIERNO CORPORATIVO,DOCUMENTAL,vigente-declarada,0,0,,portal SUI DiccionarioConsultaV2 (barrido tab 1..1400),,
956,VIABILIDAD FINANCIERA PDF GLP,39,RESOLUCION SSPD 12295 - 2006,FINANCIERO Y CONTABLE,DOCUMENTAL,vigente-declarada,0,0,,portal SUI DiccionarioConsultaV2 (barrido tab 1..1400),,
957,ANALISIS Y EVALUACION DE PUNTOS ESPECIFICOS PDF GLP,39,RESOLUCION SSPD 12295 - 2006,OTROS,DOCUMENTAL,vigente-declarada,0,0,,portal SUI DiccionarioConsultaV2 (barrido tab 1..1400),,
958,CONCEPTO ENCUESTA CONTROL INTERNO PDF GLP,39,RESOLUCION SSPD 12295 - 2006,RIESGO Y GOBIERNO CORPORATIVO,DOCUMENTAL,vigente-declarada,0,0,,portal SUI DiccionarioConsultaV2 (barrido tab 1..1400),,
959,DIAGNOSTICO SOBRE NIVEL DE RIESGO PDF GLP,39,RESOLUCION SSPD 12295 - 2006,RIESGO Y GOBIERNO CORPORATIVO,DOCUMENTAL,vigente-declarada,0,0,,portal SUI DiccionarioConsultaV2 (barrido tab 1..1400),,
971,RECLAMACIONES,29,RESOLUCION SSPD 2305 - 2006,PQR Y CONTROL SOCIAL,ESTRUCTURADO,vigente-declarada,1,0,,portal SUI DiccionarioConsultaV2 (barrido tab 1..1400),,
972,PETICIONES QUE NO CONSTITUYEN UNA RECLAMACION,29,RESOLUCION SSPD 2305 - 2006,PQR Y CONTROL SOCIAL,ESTRUCTURADO,vigente-declarada,1,0,,portal SUI DiccionarioConsultaV2 (barrido tab 1..1400),,
995,PROYECCION DE LA DEMANDA. PROYECCION ANUAL DE USUARIOS FACTURADOS,9005,CIRCULAR SSPD - CRA 004 DE 2006,COMERCIAL Y FACTURACION,ESTRUCTURADO,vigente-declarada,1,0,,portal SUI DiccionarioConsultaV2 (barrido tab 1..1400),,
996,PROYECCION DE LA DEMANDA. CONSUMO FACTURADO ANUAL,9005,CIRCULAR SSPD - CRA 004 DE 2006,COMERCIAL Y FACTURACION,ESTRUCTURADO,vigente-declarada,1,0,,portal SUI DiccionarioConsultaV2 (barrido tab 1..1400),,
998,METAS GLOBALES,9005,CIRCULAR SSPD - CRA 004 DE 2006,INVERSIONES Y SGP,ESTRUCTURADO,vigente-declarada,1,0,,portal SUI DiccionarioConsultaV2 (barrido tab 1..1400),,
1010,TARIFAS TELÉFONOS PÚBLICOS Res 26285,9006,RESOLUCION SSPD 26285 - 2006,TARIFARIO Y COSTOS,ESTRUCTURADO,vigente-declarada,1,0,,portal SUI DiccionarioConsultaV2 (barrido tab 1..1400),,
1011,TARIFAS PUNTOS COMPARTEL Y CITS Res 26285,9006,RESOLUCION SSPD 26285 - 2006,TARIFARIO Y COSTOS,ESTRUCTURADO,vigente-declarada,1,0,,portal SUI DiccionarioConsultaV2 (barrido tab 1..1400),,
1014,TARIFAS PLANES EMPAQUETADOS Res 26285,9006,RESOLUCION SSPD 26285 - 2006,TARIFARIO Y COSTOS,ESTRUCTURADO,vigente-declarada,1,0,,portal SUI DiccionarioConsultaV2 (barrido tab 1..1400),,
1019,TARIFAS PAR AISLADO Res 26285,9006,RESOLUCION SSPD 26285 - 2006,TARIFARIO Y COSTOS,ESTRUCTURADO,vigente-declarada,1,0,,portal SUI DiccionarioConsultaV2 (barrido tab 1..1400),,
1021,TARIFAS SERVICIOS COMPLEMENTARIOS Res 26285,9006,RESOLUCION SSPD 26285 - 2006,TARIFARIO Y COSTOS,ESTRUCTURADO,vigente-declarada,1,0,,portal SUI DiccionarioConsultaV2 (barrido tab 1..1400),,
1022,TARIFAS SERVICIOS SUPLEMENTARIOS Res 26285,9006,RESOLUCION SSPD 26285 - 2006,TARIFARIO Y COSTOS,ESTRUCTURADO,vigente-declarada,1,0,,portal SUI DiccionarioConsultaV2 (barrido tab 1..1400),,
1023,TARIFAS SERVICIOS CORPORATIVOS Res 26285,9006,RESOLUCION SSPD 26285 - 2006,TARIFARIO Y COSTOS,ESTRUCTURADO,vigente-declarada,1,0,,portal SUI DiccionarioConsultaV2 (barrido tab 1..1400),,
1030,BALANCE SUBSIDIOS Y CONTRIBUCIONES (ALCALDES),9007,Circular Directiva 005 de 2008,SUBSIDIOS Y CONTRIBUCIONES,ESTRUCTURADO,vigente-declarada,1,0,,portal SUI DiccionarioConsultaV2 (barrido tab 1..1400),,
1031,PRESTADORES DE SERVICIOS PÚBLICOS (CARS),9007,Circular Directiva 005 de 2008,OTROS,DOCUMENTAL,vigente-declarada,0,0,,portal SUI DiccionarioConsultaV2 (barrido tab 1..1400),,
1032,AUTORIZACIONES AMBIENTALES PARA EL MANEJO DE RESIDUOS SÓLIDOS (CARS),9007,Circular Directiva 005 de 2008,OTROS,ESTRUCTURADO,vigente-declarada,1,0,,portal SUI DiccionarioConsultaV2 (barrido tab 1..1400),,
1033,PLANES DEPARTAMENTALES DE AGUA Y SANEAMIENTO AUTORIDADES AMBIENTALES (CARS),9007,Circular Directiva 005 de 2008,OTROS,ESTRUCTURADO,vigente-declarada,1,0,,portal SUI DiccionarioConsultaV2 (barrido tab 1..1400),,
1034,PUNTOS DE CAPTACIÓN DE AGUA PARA PRESTADORES DE SERVICIOS PÚBLICOS (CARS),9007,Circular Directiva 005 de 2008,OTROS,DOCUMENTAL,vigente-declarada,0,0,,portal SUI DiccionarioConsultaV2 (barrido tab 1..1400),,
1036,TASAS POR UTILIZACIÓN DE AGUA (CAR-S),9007,Circular Directiva 005 de 2008,OTROS,DOCUMENTAL,vigente-declarada,0,0,,portal SUI DiccionarioConsultaV2 (barrido tab 1..1400),,
1037,PUNTOS DE VERTIMIENTO DE AGUAS RESIDUALES PARA PRESTADORES DE SERVICIOS PÚBLICOS (CARS),9007,Circular Directiva 005 de 2008,TECNICO OPERATIVO,DOCUMENTAL,vigente-declarada,0,0,,portal SUI DiccionarioConsultaV2 (barrido tab 1..1400),,
1038,MANEJO DE RESIDUOS HOSPITALARIOS Y PELIGROSOS (CARS),9007,Circular Directiva 005 de 2008,OTROS,ESTRUCTURADO,vigente-declarada,1,0,,portal SUI DiccionarioConsultaV2 (barrido tab 1..1400),,
1041,REGISTRO DE PSMV (CAR-S),9007,Circular Directiva 005 de 2008,OTROS,ESTRUCTURADO,vigente-declarada,1,0,,portal SUI DiccionarioConsultaV2 (barrido tab 1..1400),,
1048,FORMATO PERMISOS DE VERTIMIENTO PARA PRESTADORES DE ALCANTARILLADO (CAR-S),9007,Circular Directiva 005 de 2008,TECNICO OPERATIVO,ESTRUCTURADO,vigente-declarada,1,0,,portal SUI DiccionarioConsultaV2 (barrido tab 1..1400),,
1050,PETICIONES,326,RESOLUCION SSPD No. 20094000015085 de 2009,PQR Y CONTROL SOCIAL,ESTRUCTURADO,derogada-pendiente-reasignacion,1,0,H2,portal SUI DiccionarioConsultaV2 (barrido tab 1..1400),,
1051,FACTORES DE SUBSIDIO Y CONTRIBUCIÓN,566,Resolución SSPD 20101300048765 DE 2010,SUBSIDIOS Y CONTRIBUCIONES,ESTRUCTURADO,vigente-parcial-verificar,1,0,H2,portal SUI DiccionarioConsultaV2 (barrido tab 1..1400),,
1052,TARIFAS APLICADAS,326,RESOLUCION SSPD No. 20094000015085 de 2009,TARIFARIO Y COSTOS,DOCUMENTAL,derogada-pendiente-reasignacion,0,0,H2;H6,portal SUI DiccionarioConsultaV2 (barrido tab 1..1400),,
1053,TARIFAS APLICADAS,326,RESOLUCION SSPD No. 20094000015085 de 2009,TARIFARIO Y COSTOS,DOCUMENTAL,derogada-pendiente-reasignacion,0,0,H2;H6,portal SUI DiccionarioConsultaV2 (barrido tab 1..1400),,
1055,RECLAMACIONES,326,RESOLUCION SSPD No. 20094000015085 de 2009,PQR Y CONTROL SOCIAL,DOCUMENTAL,derogada-pendiente-reasignacion,0,0,H2,portal SUI DiccionarioConsultaV2 (barrido tab 1..1400),,
1056,FUENTES DE RECURSOS PARA OTORGAR SUBSIDIOS,326,RESOLUCION SSPD No. 20094000015085 de 2009,SUBSIDIOS Y CONTRIBUCIONES,ESTRUCTURADO,derogada-pendiente-reasignacion,1,0,H2;H6,portal SUI DiccionarioConsultaV2 (barrido tab 1..1400),,
1057,FACTURACIÓN ACUEDUCTO - IGAC,566,Resolución SSPD 20101300048765 DE 2010,COMERCIAL Y FACTURACION,ESTRUCTURADO,vigente-parcial-verificar,1,0,H2,portal SUI DiccionarioConsultaV2 (barrido tab 1..1400),,
1058,FACTURACIÓN ALCANTARILLADO,326,RESOLUCION SSPD No. 20094000015085 de 2009,COMERCIAL Y FACTURACION,ESTRUCTURADO,derogada-pendiente-reasignacion,1,44,H2,portal SUI DiccionarioConsultaV2 (barrido tab 1..1400),,
1059,SUSPENSIONES SERVICIO DE ACUEDUCTO,566,Resolución SSPD 20101300048765 DE 2010,OTROS,ESTRUCTURADO,vigente-parcial-verificar,1,0,H2,portal SUI DiccionarioConsultaV2 (barrido tab 1..1400),,
1060,REDES SISTEMA DE ACUEDUCTO,326,RESOLUCION SSPD No. 20094000015085 de 2009,TECNICO OPERATIVO,DOCUMENTAL,derogada-pendiente-reasignacion,0,0,H2,portal SUI DiccionarioConsultaV2 (barrido tab 1..1400),,
1061,REDES SISTEMA DE ALCANTARILLADO,566,Resolución SSPD 20101300048765 DE 2010,TECNICO OPERATIVO,ESTRUCTURADO,vigente-parcial-verificar,1,0,H2,portal SUI DiccionarioConsultaV2 (barrido tab 1..1400),,
1062,FORMULACIÓN DE PROYECTOS - ALCANTARILLADO,566,Resolución SSPD 20101300048765 DE 2010,INVERSIONES Y SGP,ESTRUCTURADO,vigente-parcial-verificar,1,0,H2,portal SUI DiccionarioConsultaV2 (barrido tab 1..1400),,
1063,FORMULACIÓN DE PROYECTOS,566,Resolución SSPD 20101300048765 DE 2010,INVERSIONES Y SGP,ESTRUCTURADO,vigente-parcial-verificar,1,0,H2,portal SUI DiccionarioConsultaV2 (barrido tab 1..1400),,
1064,EJECUCIÓN DE PROYECTOS - ALCANTARILLADO,566,Resolución SSPD 20101300048765 DE 2010,INVERSIONES Y SGP,ESTRUCTURADO,vigente-parcial-verificar,1,0,H2,portal SUI DiccionarioConsultaV2 (barrido tab 1..1400),,
1065,EJECUCIÓN DE PROYECTOS,326,RESOLUCION SSPD No. 20094000015085 de 2009,INVERSIONES Y SGP,DOCUMENTAL,derogada-pendiente-reasignacion,0,0,H2,portal SUI DiccionarioConsultaV2 (barrido tab 1..1400),,
1068,FORMATO BALANCE SUBSIDIOS Y CONTRIBUCIONES (ALCALDES),326,RESOLUCION SSPD No. 20094000015085 de 2009,SUBSIDIOS Y CONTRIBUCIONES,DOCUMENTAL,derogada-pendiente-reasignacion,0,0,H2,portal SUI DiccionarioConsultaV2 (barrido tab 1..1400),,
1069,FORMULACIÓN DE PROYECTOS ASEO,566,Resolución SSPD 20101300048765 DE 2010,INVERSIONES Y SGP,ESTRUCTURADO,vigente-parcial-verificar,1,0,H2,portal SUI DiccionarioConsultaV2 (barrido tab 1..1400),,
1070,EJECUCIÓN DE PROYECTOS ASEO,566,Resolución SSPD 20101300048765 DE 2010,INVERSIONES Y SGP,ESTRUCTURADO,vigente-parcial-verificar,1,0,H2,portal SUI DiccionarioConsultaV2 (barrido tab 1..1400),,
1071,ESTADO DE RESULTADOS MUNICIPIO ACUEDUCTO,326,RESOLUCION SSPD No. 20094000015085 de 2009,FINANCIERO Y CONTABLE,DOCUMENTAL,derogada-pendiente-reasignacion,0,0,H2,portal SUI DiccionarioConsultaV2 (barrido tab 1..1400),,
1072,CONTRATACIÓN CON RECURSOS SGP Ó PRESTADORES,566,Resolución SSPD 20101300048765 DE 2010,INVERSIONES Y SGP,ESTRUCTURADO,vigente-parcial-verificar,1,0,H2,portal SUI DiccionarioConsultaV2 (barrido tab 1..1400),,
1074,CUENTAS POR PAGAR SERVICIOS PÚBLICOS,566,Resolución SSPD 20101300048765 DE 2010,FINANCIERO Y CONTABLE,ESTRUCTURADO,vigente-parcial-verificar,1,0,H2,portal SUI DiccionarioConsultaV2 (barrido tab 1..1400),,
1075,LIQUIDACIÓN CONTRATOS CON RECURSOS SGP - PRESTADORES,566,Resolución SSPD 20101300048765 DE 2010,INVERSIONES Y SGP,ESTRUCTURADO,vigente-parcial-verificar,1,0,H2,portal SUI DiccionarioConsultaV2 (barrido tab 1..1400),,
1076,CARACTERÍSTICAS NO OBLIGATORIAS - RANGO 1,326,RESOLUCION SSPD No. 20094000015085 de 2009,CALIDAD DEL AGUA Y MUESTREO,ESTRUCTURADO,derogada-pendiente-reasignacion,1,0,H2,portal SUI DiccionarioConsultaV2 (barrido tab 1..1400),,
1077,NIVEL DE FUENTES SUPERFICIALES,326,RESOLUCION SSPD No. 20094000015085 de 2009,OTROS,DOCUMENTAL,derogada-pendiente-reasignacion,0,0,H2,portal SUI DiccionarioConsultaV2 (barrido tab 1..1400),,
1081,"CARACTERÍSTICAS ESPECIALES - RANGOS 2, 3 Y 4 CON POBLACIÓN ATENDIDA DE MÁS DE 10.000 HABITANTES",566,Resolución SSPD 20101300048765 DE 2010,CALIDAD DEL AGUA Y MUESTREO,ESTRUCTURADO,vigente-parcial-verificar,1,0,H2,portal SUI DiccionarioConsultaV2 (barrido tab 1..1400),,
1082,CARACTERÍSTICAS ESPECIALES- RANGO 1,326,RESOLUCION SSPD No. 20094000015085 de 2009,CALIDAD DEL AGUA Y MUESTREO,ESTRUCTURADO,derogada-pendiente-reasignacion,1,0,H2,portal SUI DiccionarioConsultaV2 (barrido tab 1..1400),,
1083,REGISTROS DE MICRORUTAS RECOLECCION Y TRANSPORTE,326,RESOLUCION SSPD No. 20094000015085 de 2009,TECNICO OPERATIVO,DOCUMENTAL,derogada-pendiente-reasignacion,0,0,H2,portal SUI DiccionarioConsultaV2 (barrido tab 1..1400),,
1084,6 TONELADAS PROVENIENTES DE LA ACTIVIDAD RECOLECCION Y TRANSPORTE,326,RESOLUCION SSPD No. 20094000015085 de 2009,TECNICO OPERATIVO,DOCUMENTAL,derogada-pendiente-reasignacion,0,0,H2,portal SUI DiccionarioConsultaV2 (barrido tab 1..1400),,
1085,"COMERCIAL ASEO OPERADORES DE SITIOS DE DISPOSICIÓN FINAL, APROVECHAMIENTO Y/O TRANSFERENCIA",566,Resolución SSPD 20101300048765 DE 2010,COMERCIAL Y FACTURACION,ESTRUCTURADO,vigente-parcial-verificar,1,0,H2,portal SUI DiccionarioConsultaV2 (barrido tab 1..1400),,
1086,DISPOSICION FINAL OPERADOR DEL SITIO DE DISPOSICION FINAL,326,RESOLUCION SSPD No. 20094000015085 de 2009,TECNICO OPERATIVO,DOCUMENTAL,derogada-pendiente-reasignacion,0,0,H2,portal SUI DiccionarioConsultaV2 (barrido tab 1..1400),,
1087,BARRIDO Y LIMPIEZA,566,Resolución SSPD 20101300048765 DE 2010,TECNICO OPERATIVO,ESTRUCTURADO,vigente-parcial-verificar,1,0,H2,portal SUI DiccionarioConsultaV2 (barrido tab 1..1400),,
1088,PEAJES,326,RESOLUCION SSPD No. 20094000015085 de 2009,TECNICO OPERATIVO,DOCUMENTAL,derogada-pendiente-reasignacion,0,0,H2,portal SUI DiccionarioConsultaV2 (barrido tab 1..1400),,
1102,MUESTREO CALIDAD DEL AGUA FUENTE SUPERFICIAL,566,Resolución SSPD 20101300048765 DE 2010,CALIDAD DEL AGUA Y MUESTREO,ESTRUCTURADO,vigente-parcial-verificar,1,0,H2,portal SUI DiccionarioConsultaV2 (barrido tab 1..1400),,
1103,MUESTREO CALIDAD DEL AGUA FUENTE SUBTERRÁNEA,326,RESOLUCION SSPD No. 20094000015085 de 2009,CALIDAD DEL AGUA Y MUESTREO,ESTRUCTURADO,derogada-pendiente-reasignacion,1,0,H2,portal SUI DiccionarioConsultaV2 (barrido tab 1..1400),,
1104,MUESTREO CALIDAD DEL AGUA FUENTE EMBALSES,566,Resolución SSPD 20101300048765 DE 2010,CALIDAD DEL AGUA Y MUESTREO,ESTRUCTURADO,vigente-parcial-verificar,1,0,H2,portal SUI DiccionarioConsultaV2 (barrido tab 1..1400),,
1105,REGISTRO DE ESTACIONES DE MEDICIÓN DE PRECIPITACIÓN,326,RESOLUCION SSPD No. 20094000015085 de 2009,TECNICO OPERATIVO,ESTRUCTURADO,derogada-pendiente-reasignacion,1,0,H2,portal SUI DiccionarioConsultaV2 (barrido tab 1..1400),,
1106,PRECIPITACIÓN,566,Resolución SSPD 20101300048765 DE 2010,TECNICO OPERATIVO,ESTRUCTURADO,vigente-parcial-verificar,1,0,H2,portal SUI DiccionarioConsultaV2 (barrido tab 1..1400),,
1107,ESTACIONES DE TRANSFERENCIA,566,Resolución SSPD 20101300048765 DE 2010,TECNICO OPERATIVO,ESTRUCTURADO,vigente-parcial-verificar,1,0,H2,portal SUI DiccionarioConsultaV2 (barrido tab 1..1400),,
1108,REGISTRO DE VEHICULOS DE RECOLECCION Y TRANSPORTE,326,RESOLUCION SSPD No. 20094000015085 de 2009,TECNICO OPERATIVO,DOCUMENTAL,derogada-pendiente-reasignacion,0,0,H2,portal SUI DiccionarioConsultaV2 (barrido tab 1..1400),,
1109,FACTURACION ASEO IGAG,566,Resolución SSPD 20101300048765 DE 2010,COMERCIAL Y FACTURACION,ESTRUCTURADO,vigente-parcial-verificar,1,0,H2,portal SUI DiccionarioConsultaV2 (barrido tab 1..1400),,
1110,CONTRATACION CON RECURSOS SGP - PRESTADORES (ALCANTARILLADO),,,INVERSIONES Y SGP,DOCUMENTAL,sin-norma,0,0,H3,portal SUI DiccionarioConsultaV2 (barrido tab 1..1400),,
1112,CUENTAS POR PAGAR SERVICIOS PUBLICOS ALCANTARILLADO,566,Resolución SSPD 20101300048765 DE 2010,FINANCIERO Y CONTABLE,ESTRUCTURADO,vigente-parcial-verificar,1,0,H2,portal SUI DiccionarioConsultaV2 (barrido tab 1..1400),,
1113,ESTADO DE RESULTADOS MUNICIPIO ALCANTARILLADO,326,RESOLUCION SSPD No. 20094000015085 de 2009,FINANCIERO Y CONTABLE,DOCUMENTAL,derogada-pendiente-reasignacion,0,0,H2,portal SUI DiccionarioConsultaV2 (barrido tab 1..1400),,
1114,FACTORES DE SUBSIDIO Y CONTRIBUCIÓN,566,Resolución SSPD 20101300048765 DE 2010,SUBSIDIOS Y CONTRIBUCIONES,ESTRUCTURADO,vigente-parcial-verificar,1,0,H2,portal SUI DiccionarioConsultaV2 (barrido tab 1..1400),,
1115,FUENTES DE RECURSOS PARA OTORGAR SUBSIDIOS,326,RESOLUCION SSPD No. 20094000015085 de 2009,SUBSIDIOS Y CONTRIBUCIONES,DOCUMENTAL,derogada-pendiente-reasignacion,0,0,H2;H6,portal SUI DiccionarioConsultaV2 (barrido tab 1..1400),,
1116,FUENTES DE RECURSOS PARA OTORGAR SUBSIDIOS ASEO,326,RESOLUCION SSPD No. 20094000015085 de 2009,SUBSIDIOS Y CONTRIBUCIONES,DOCUMENTAL,derogada-pendiente-reasignacion,0,0,H2,portal SUI DiccionarioConsultaV2 (barrido tab 1..1400),,
1117,PETICIONES SERVICIO DE ALCANTARILLADO,326,RESOLUCION SSPD No. 20094000015085 de 2009,PQR Y CONTROL SOCIAL,DOCUMENTAL,derogada-pendiente-reasignacion,0,0,H2,portal SUI DiccionarioConsultaV2 (barrido tab 1..1400),,
1118,FORMATO RECLAMACIONES ALCANTARILLADO,326,RESOLUCION SSPD No. 20094000015085 de 2009,PQR Y CONTROL SOCIAL,DOCUMENTAL,derogada-pendiente-reasignacion,0,0,H2,portal SUI DiccionarioConsultaV2 (barrido tab 1..1400),,
1119,CUENTAS POR PAGAR SERVICIOS PUBLICOS ASEO,566,Resolución SSPD 20101300048765 DE 2010,FINANCIERO Y CONTABLE,ESTRUCTURADO,vigente-parcial-verificar,1,0,H2,portal SUI DiccionarioConsultaV2 (barrido tab 1..1400),,
1121,ESTADO DE RESULTADOS MUNICIPIO ASEO,326,RESOLUCION SSPD No. 20094000015085 de 2009,FINANCIERO Y CONTABLE,DOCUMENTAL,derogada-pendiente-reasignacion,0,0,H2,portal SUI DiccionarioConsultaV2 (barrido tab 1..1400),,
1122,CONTRATACIÓN CON RECURSOS SGP PRESTADORES,,,INVERSIONES Y SGP,DOCUMENTAL,sin-norma,0,0,H3,portal SUI DiccionarioConsultaV2 (barrido tab 1..1400),,
1123,LIQUIDACION CONTRATOS CON RECURSOS SGP - PRESTADORES,,,INVERSIONES Y SGP,DOCUMENTAL,sin-norma,0,0,H3,portal SUI DiccionarioConsultaV2 (barrido tab 1..1400),,
1124,FORMATO RECLAMACIONES ASEO,566,Resolución SSPD 20101300048765 DE 2010,PQR Y CONTROL SOCIAL,ESTRUCTURADO,vigente-parcial-verificar,1,0,H2,portal SUI DiccionarioConsultaV2 (barrido tab 1..1400),,
1125,PETICIONES QUE NO CONSTITUYEN UNA RECLAMACION ASEO,566,Resolución SSPD 20101300048765 DE 2010,PQR Y CONTROL SOCIAL,ESTRUCTURADO,vigente-parcial-verificar,1,0,H2,portal SUI DiccionarioConsultaV2 (barrido tab 1..1400),,
1126,FACTORES DE SUBSIDIOS Y CONTRIBUCIONES ASEO,566,Resolución SSPD 20101300048765 DE 2010,SUBSIDIOS Y CONTRIBUCIONES,ESTRUCTURADO,vigente-parcial-verificar,1,0,H2,portal SUI DiccionarioConsultaV2 (barrido tab 1..1400),,
1127,LIQUIDACIÓN CONTRATOS CON RECURSOS SGP -PRESTADORES,,,INVERSIONES Y SGP,DOCUMENTAL,sin-norma,0,0,H3,portal SUI DiccionarioConsultaV2 (barrido tab 1..1400),,
1200,Soporte del Estudio de Costos de PDF - TIFF,9004,CIRCULAR SSPD - CRA 000006 de 2006,TARIFARIO Y COSTOS,DOCUMENTAL,vigente-declarada,0,0,,portal SUI DiccionarioConsultaV2 (barrido tab 1..1400),,
1201,Acto Aprobación de tarifas,9004,CIRCULAR SSPD - CRA 000006 de 2006,TARIFARIO Y COSTOS,DOCUMENTAL,vigente-declarada,0,0,,portal SUI DiccionarioConsultaV2 (barrido tab 1..1400),,
1202,Audiencia Publica,9004,CIRCULAR SSPD - CRA 000006 de 2006,TARIFARIO Y COSTOS,DOCUMENTAL,vigente-declarada,0,0,,portal SUI DiccionarioConsultaV2 (barrido tab 1..1400),,
1203,Publicación de tarifas,9004,CIRCULAR SSPD - CRA 000006 de 2006,TARIFARIO Y COSTOS,DOCUMENTAL,vigente-declarada,0,0,,portal SUI DiccionarioConsultaV2 (barrido tab 1..1400),,
1204,Acto de aprobación subsidios y contribuciones,9004,CIRCULAR SSPD - CRA 000006 de 2006,SUBSIDIOS Y CONTRIBUCIONES,DOCUMENTAL,vigente-declarada,0,0,,portal SUI DiccionarioConsultaV2 (barrido tab 1..1400),,
1219,Autorización Ambiental,247,CIRCULAR SSPD 006 DE 2007,INSTITUCIONAL Y HABILITACION,DOCUMENTAL,vigente-declarada,0,0,,portal SUI DiccionarioConsultaV2 (barrido tab 1..1400),,
1220,Reglamento Operativo,247,CIRCULAR SSPD 006 DE 2007,INSTITUCIONAL Y HABILITACION,DOCUMENTAL,vigente-declarada,0,0,,portal SUI DiccionarioConsultaV2 (barrido tab 1..1400),,
1228,FORMATO PARA REPORTAR LA ESTRATIFICACION AL SUI,9008,CIRCULAR EXTERNA 20081000000034 DE 2008,ESTRATIFICACION Y TERRITORIO,ESTRUCTURADO,vigente-declarada,1,0,,portal SUI DiccionarioConsultaV2 (barrido tab 1..1400),,
1229,"REGISTRO DE PUNTOS DE MUESTREO - RANGOS 2, 3 y 4",326,RESOLUCION SSPD No. 20094000015085 de 2009,CALIDAD DEL AGUA Y MUESTREO,ESTRUCTURADO,derogada-pendiente-reasignacion,1,0,H2,portal SUI DiccionarioConsultaV2 (barrido tab 1..1400),,
1230,CALIDAD AGUA CARACTERISTICAS BASICAS - RANGO 1,326,RESOLUCION SSPD No. 20094000015085 de 2009,CALIDAD DEL AGUA Y MUESTREO,ESTRUCTURADO,derogada-pendiente-reasignacion,1,0,H2,portal SUI DiccionarioConsultaV2 (barrido tab 1..1400),,
1231,CALIDAD AGUA CARACTERISTICAS BASICAS - RANGO 2,326,RESOLUCION SSPD No. 20094000015085 de 2009,CALIDAD DEL AGUA Y MUESTREO,ESTRUCTURADO,derogada-pendiente-reasignacion,1,0,H2,portal SUI DiccionarioConsultaV2 (barrido tab 1..1400),,
1232,CALIDAD AGUA CARACTERISTICAS BASICAS - RANGO 3,326,RESOLUCION SSPD No. 20094000015085 de 2009,CALIDAD DEL AGUA Y MUESTREO,ESTRUCTURADO,derogada-pendiente-reasignacion,1,0,H2,portal SUI DiccionarioConsultaV2 (barrido tab 1..1400),,
1233,CALIDAD AGUA CARACTERISTICAS BASICAS - RANGO 4,566,Resolución SSPD 20101300048765 DE 2010,CALIDAD DEL AGUA Y MUESTREO,ESTRUCTURADO,vigente-parcial-verificar,1,0,H2,portal SUI DiccionarioConsultaV2 (barrido tab 1..1400),,
1234,"CARACTERÍSTICAS NO OBLIGATORIAS - RANGO 2, 3 Y 4",566,Resolución SSPD 20101300048765 DE 2010,CALIDAD DEL AGUA Y MUESTREO,ESTRUCTURADO,vigente-parcial-verificar,1,0,H2,portal SUI DiccionarioConsultaV2 (barrido tab 1..1400),,
1235,CALIDAD ACTAS DE CONCERTACION PUNTOS DE MUESTREO RANGO 4 (PDF O TIFF),326,RESOLUCION SSPD No. 20094000015085 de 2009,CALIDAD DEL AGUA Y MUESTREO,DOCUMENTAL,derogada-pendiente-reasignacion,0,0,H2,portal SUI DiccionarioConsultaV2 (barrido tab 1..1400),,
1236,CALIDAD ACTA TOMAS DE MUESTRAS CONCERTADAS CARACTERISTICAS OBLIGATORIAS (PDF o TIFF),326,RESOLUCION SSPD No. 20094000015085 de 2009,OTROS,DOCUMENTAL,derogada-pendiente-reasignacion,0,0,H2,portal SUI DiccionarioConsultaV2 (barrido tab 1..1400),,
1242,FORMATO PARA REPORTAR LA ESTRATIFICACION AL SUI - ANTIOQUIA,747,RESOLUCIÓN N° SSPD 20131300008055 DEL 01-04-2013,ESTRATIFICACION Y TERRITORIO,ESTRUCTURADO,vigente-declarada,1,0,,portal SUI DiccionarioConsultaV2 (barrido tab 1..1400),,
1243,FORMATO PARA REPORTAR LA ESTRATIFICACION AL SUI - CALI,747,RESOLUCIÓN N° SSPD 20131300008055 DEL 01-04-2013,ESTRATIFICACION Y TERRITORIO,ESTRUCTURADO,vigente-declarada,1,0,,portal SUI DiccionarioConsultaV2 (barrido tab 1..1400),,
1244,FORMATO PARA REPORTAR LA ESTRATIFICACION AL SUI - BOGOTA,747,RESOLUCIÓN N° SSPD 20131300008055 DEL 01-04-2013,ESTRATIFICACION Y TERRITORIO,ESTRUCTURADO,vigente-declarada,1,0,,portal SUI DiccionarioConsultaV2 (barrido tab 1..1400),,
1245,FORMATO PARA REPORTAR LA ESTRATIFICACION AL SUI - MEDELLIN,747,RESOLUCIÓN N° SSPD 20131300008055 DEL 01-04-2013,ESTRATIFICACION Y TERRITORIO,ESTRUCTURADO,vigente-declarada,1,0,,portal SUI DiccionarioConsultaV2 (barrido tab 1..1400),,
1246,CUENTAS POR COBRAR SERVICIOS PUBLICOS SECTOR OFICIAL Y SECTOR SERVICIOS PUBLICOS ACUEDUCTO,1,CIRCULAR CRA 001 - 2003,FINANCIERO Y CONTABLE,ESTRUCTURADO,vigente-declarada,1,0,,portal SUI DiccionarioConsultaV2 (barrido tab 1..1400),,
1247,CUENTAS POR COBRAR SERVICIOS PUBLICOS SECTOR OFICIAL Y SECTOR SERVICIOS PUBLICOS ALCANTARILLADO,2,RESOLUCION SSPD 6671 - 2003,FINANCIERO Y CONTABLE,ESTRUCTURADO,vigente-declarada,1,0,,portal SUI DiccionarioConsultaV2 (barrido tab 1..1400),,
1248,CUENTAS POR COBRAR SERVICIOS PUBLICOS SECTOR OFICIAL Y SECTOR SERVICIOS PUBLICOS ASEO,566,Resolución SSPD 20101300048765 DE 2010,FINANCIERO Y CONTABLE,ESTRUCTURADO,vigente-parcial-verificar,1,0,H2,portal SUI DiccionarioConsultaV2 (barrido tab 1..1400),,
1249,COMPOSICIÓN DE INGRESOS OPERACIONALES,566,Resolución SSPD 20101300048765 DE 2010,FINANCIERO Y CONTABLE,ESTRUCTURADO,vigente-parcial-verificar,1,0,H2,portal SUI DiccionarioConsultaV2 (barrido tab 1..1400),,
1250,COMPOSICION INGRESOS OPERACIONALES ALCANTARILLADO,566,Resolución SSPD 20101300048765 DE 2010,FINANCIERO Y CONTABLE,ESTRUCTURADO,vigente-parcial-verificar,1,0,H2,portal SUI DiccionarioConsultaV2 (barrido tab 1..1400),,
1251,COMPOSICION INGRESOS OPERACIONALES ASEO,326,RESOLUCION SSPD No. 20094000015085 de 2009,FINANCIERO Y CONTABLE,DOCUMENTAL,derogada-pendiente-reasignacion,0,0,H2,portal SUI DiccionarioConsultaV2 (barrido tab 1..1400),,
1252,FACTURACION ACUEDUCTO - ANTIOQUIA,326,RESOLUCION SSPD No. 20094000015085 de 2009,COMERCIAL Y FACTURACION,DOCUMENTAL,derogada-pendiente-reasignacion,0,0,H2,portal SUI DiccionarioConsultaV2 (barrido tab 1..1400),,
1253,FACTURACION ACUEDUCTO - CALI,326,RESOLUCION SSPD No. 20094000015085 de 2009,COMERCIAL Y FACTURACION,DOCUMENTAL,derogada-pendiente-reasignacion,0,0,H2,portal SUI DiccionarioConsultaV2 (barrido tab 1..1400),,
1254,FACTURACION ACUEDUCTO - BOGOTA,326,RESOLUCION SSPD No. 20094000015085 de 2009,COMERCIAL Y FACTURACION,DOCUMENTAL,derogada-pendiente-reasignacion,0,0,H2,portal SUI DiccionarioConsultaV2 (barrido tab 1..1400),,
1255,FACTURACION ACUEDUCTO - MEDELLIN,326,RESOLUCION SSPD No. 20094000015085 de 2009,COMERCIAL Y FACTURACION,DOCUMENTAL,derogada-pendiente-reasignacion,0,0,H2,portal SUI DiccionarioConsultaV2 (barrido tab 1..1400),,
1256,FACTURACION ALCANTARILLADO - ANTIOQUIA,326,RESOLUCION SSPD No. 20094000015085 de 2009,COMERCIAL Y FACTURACION,DOCUMENTAL,derogada-pendiente-reasignacion,0,0,H2,portal SUI DiccionarioConsultaV2 (barrido tab 1..1400),,
1257,FACTURACION ALCANTARILLADO - CALI,326,RESOLUCION SSPD No. 20094000015085 de 2009,COMERCIAL Y FACTURACION,DOCUMENTAL,derogada-pendiente-reasignacion,0,0,H2,portal SUI DiccionarioConsultaV2 (barrido tab 1..1400),,
1258,FACTURACION ALCANTARILLADO - BOGOTA,326,RESOLUCION SSPD No. 20094000015085 de 2009,COMERCIAL Y FACTURACION,DOCUMENTAL,derogada-pendiente-reasignacion,0,0,H2,portal SUI DiccionarioConsultaV2 (barrido tab 1..1400),,
1259,FACTURACION ALCANTARILLADO - MEDELLIN,326,RESOLUCION SSPD No. 20094000015085 de 2009,COMERCIAL Y FACTURACION,DOCUMENTAL,derogada-pendiente-reasignacion,0,0,H2,portal SUI DiccionarioConsultaV2 (barrido tab 1..1400),,
1260,FACTURACION ASEO BOGOTA,326,RESOLUCION SSPD No. 20094000015085 de 2009,COMERCIAL Y FACTURACION,DOCUMENTAL,derogada-pendiente-reasignacion,0,0,H2,portal SUI DiccionarioConsultaV2 (barrido tab 1..1400),,
1261,FACTURACION ASEO CALI,326,RESOLUCION SSPD No. 20094000015085 de 2009,COMERCIAL Y FACTURACION,DOCUMENTAL,derogada-pendiente-reasignacion,0,0,H2,portal SUI DiccionarioConsultaV2 (barrido tab 1..1400),,
1262,FACTURACION ASEO MEDELLIN,326,RESOLUCION SSPD No. 20094000015085 de 2009,COMERCIAL Y FACTURACION,DOCUMENTAL,derogada-pendiente-reasignacion,0,0,H2,portal SUI DiccionarioConsultaV2 (barrido tab 1..1400),,
1263,FACTURACION ASEO ANTIOQUIA,326,RESOLUCION SSPD No. 20094000015085 de 2009,COMERCIAL Y FACTURACION,DOCUMENTAL,derogada-pendiente-reasignacion,0,0,H2,portal SUI DiccionarioConsultaV2 (barrido tab 1..1400),,
1264,PUBLICACION DE TARIFAS (PDF o TIFF) RES 15085 de 2009,9003,CIRCULAR SSPD - CRA 003 DE 2006,TARIFARIO Y COSTOS,DOCUMENTAL,vigente-declarada,0,0,,portal SUI DiccionarioConsultaV2 (barrido tab 1..1400),,
1265,FORMATO TARIFAS APLICADAS ACUEDUCTO (PEQUEÑOS),326,RESOLUCION SSPD No. 20094000015085 de 2009,TARIFARIO Y COSTOS,DOCUMENTAL,derogada-pendiente-reasignacion,0,0,H2,portal SUI DiccionarioConsultaV2 (barrido tab 1..1400),,
1266,FORMATO TARIFAS APLICADAS ALCANTARILLADO (PEQUEÑOS),326,RESOLUCION SSPD No. 20094000015085 de 2009,TARIFARIO Y COSTOS,DOCUMENTAL,derogada-pendiente-reasignacion,0,0,H2,portal SUI DiccionarioConsultaV2 (barrido tab 1..1400),,
1267,INFORMACIÓN CONVENCIONES COLECTIVAS,566,Resolución SSPD 20101300048765 DE 2010,RIESGO Y GOBIERNO CORPORATIVO,ESTRUCTURADO,vigente-parcial-verificar,1,0,H2,portal SUI DiccionarioConsultaV2 (barrido tab 1..1400),,
1268,PERSONAL POR CATEGORIA DE EMPLEO,566,Resolución SSPD 20101300048765 DE 2010,RIESGO Y GOBIERNO CORPORATIVO,ESTRUCTURADO,vigente-parcial-verificar,1,6,H2,portal SUI DiccionarioConsultaV2 (barrido tab 1..1400),,
1269,COMPOSICION INGRESOS OPERACIONALES ASEO,566,Resolución SSPD 20101300048765 DE 2010,FINANCIERO Y CONTABLE,ESTRUCTURADO,vigente-parcial-verificar,1,0,H2,portal SUI DiccionarioConsultaV2 (barrido tab 1..1400),,
1271,FLUJO DE CAJA REAL - ASEO,566,Resolución SSPD 20101300048765 DE 2010,FINANCIERO Y CONTABLE,ESTRUCTURADO,vigente-parcial-verificar,1,0,H2,portal SUI DiccionarioConsultaV2 (barrido tab 1..1400),,
1272,CPB - COSTOS PARTICULARES DE BOMBEO,566,Resolución SSPD 20101300048765 DE 2010,TARIFARIO Y COSTOS,ESTRUCTURADO,vigente-parcial-verificar,1,0,H2,portal SUI DiccionarioConsultaV2 (barrido tab 1..1400),,
1273,CMT - COSTO DE TASAS AMBIENTALES ACUEDUCTO,566,Resolución SSPD 20101300048765 DE 2010,TARIFARIO Y COSTOS,ESTRUCTURADO,vigente-parcial-verificar,1,0,H2,portal SUI DiccionarioConsultaV2 (barrido tab 1..1400),,
1274,COSTOS DE ENERGIA ALCANTARILLADO UTILIZADA EN TRATAMIENTO DE AGUAS RESIDUALES,566,Resolución SSPD 20101300048765 DE 2010,TARIFARIO Y COSTOS,ESTRUCTURADO,vigente-parcial-verificar,1,0,H2,portal SUI DiccionarioConsultaV2 (barrido tab 1..1400),,
1275,COSTOS DE ENERGIA ALCANTARILLADO - CE,566,Resolución SSPD 20101300048765 DE 2010,TARIFARIO Y COSTOS,ESTRUCTURADO,vigente-parcial-verificar,1,0,H2,portal SUI DiccionarioConsultaV2 (barrido tab 1..1400),,
1276,COSTOS DE INSUMOS QUÍMICOS ACUEDUCTO,566,Resolución SSPD 20101300048765 DE 2010,TARIFARIO Y COSTOS,ESTRUCTURADO,vigente-parcial-verificar,1,0,H2,portal SUI DiccionarioConsultaV2 (barrido tab 1..1400),,
1277,COSTOS DE ENERGÍA ACUEDUCTO,566,Resolución SSPD 20101300048765 DE 2010,TARIFARIO Y COSTOS,ESTRUCTURADO,vigente-parcial-verificar,1,0,H2,portal SUI DiccionarioConsultaV2 (barrido tab 1..1400),,
1278,COSTO DE ADQUISICIÓN DE AGUA EN BLOQUE - CMOP,566,Resolución SSPD 20101300048765 DE 2010,TARIFARIO Y COSTOS,ESTRUCTURADO,vigente-parcial-verificar,1,0,H2,portal SUI DiccionarioConsultaV2 (barrido tab 1..1400),,
1279,IMPUESTOS Y TASAS OPERATIVAS ACUEDUCTO,566,Resolución SSPD 20101300048765 DE 2010,TARIFARIO Y COSTOS,ESTRUCTURADO,vigente-parcial-verificar,1,0,H2,portal SUI DiccionarioConsultaV2 (barrido tab 1..1400),,
1290,COSTOS DE INSUMOS QUIMICOS UTILIZADOS EN EL TRATAMIENTO DE AGUAS RESIDUALES,566,Resolución SSPD 20101300048765 DE 2010,TARIFARIO Y COSTOS,ESTRUCTURADO,vigente-parcial-verificar,1,0,H2,portal SUI DiccionarioConsultaV2 (barrido tab 1..1400),,
1291,COSTOS DE SERVICIOS PERSONALES - CTAR,566,Resolución SSPD 20101300048765 DE 2010,TARIFARIO Y COSTOS,ESTRUCTURADO,vigente-parcial-verificar,1,0,H2,portal SUI DiccionarioConsultaV2 (barrido tab 1..1400),,
1292,IMPUESTOS Y TASAS OPERATIVAS ALCANTARILLADO,566,Resolución SSPD 20101300048765 DE 2010,TARIFARIO Y COSTOS,ESTRUCTURADO,vigente-parcial-verificar,1,0,H2,portal SUI DiccionarioConsultaV2 (barrido tab 1..1400),,
1293,CPB - COSTOS PARTICULARES DE BOMBEO ALCANTARILLADO,566,Resolución SSPD 20101300048765 DE 2010,TARIFARIO Y COSTOS,ESTRUCTURADO,vigente-parcial-verificar,1,0,H2,portal SUI DiccionarioConsultaV2 (barrido tab 1..1400),,
1294,CMT - COSTO DE TASAS AMBIENTALES ALCANTARILLADO,566,Resolución SSPD 20101300048765 DE 2010,TARIFARIO Y COSTOS,ESTRUCTURADO,vigente-parcial-verificar,1,0,H2,portal SUI DiccionarioConsultaV2 (barrido tab 1..1400),,
1295,OTROS COSTOS DE OPERACIÓN Y MANTENIMIENTO ASOCIADOS AL TRATAMIENTO DE AGUA RESIDUAL,566,Resolución SSPD 20101300048765 DE 2010,TARIFARIO Y COSTOS,ESTRUCTURADO,vigente-parcial-verificar,1,0,H2,portal SUI DiccionarioConsultaV2 (barrido tab 1..1400),,
1320,23.1. FACTURACION COMERCIAL DE ASEO,566,Resolución SSPD 20101300048765 DE 2010,COMERCIAL Y FACTURACION,ESTRUCTURADO,vigente-parcial-verificar,1,0,H2,portal SUI DiccionarioConsultaV2 (barrido tab 1..1400),,
1321,23.2. FACTURACION COMERCIAL DE ASEO-BOGOTA,566,Resolución SSPD 20101300048765 DE 2010,COMERCIAL Y FACTURACION,ESTRUCTURADO,vigente-parcial-verificar,1,0,H2,portal SUI DiccionarioConsultaV2 (barrido tab 1..1400),,
1322,23.3. FACTURACION COMERCIAL DE ASEO-CALI,,,COMERCIAL Y FACTURACION,DOCUMENTAL,sin-norma,0,0,H3,portal SUI DiccionarioConsultaV2 (barrido tab 1..1400),,
1323,23.4. FACTURACION COMERCIAL DE ASEO-MEDELLIN,,,COMERCIAL Y FACTURACION,DOCUMENTAL,sin-norma,0,0,H3,portal SUI DiccionarioConsultaV2 (barrido tab 1..1400),,
1324,23.5. FACTURACION COMERCIAL DE ASEO-ANTIOQUIA,566,Resolución SSPD 20101300048765 DE 2010,COMERCIAL Y FACTURACION,ESTRUCTURADO,vigente-parcial-verificar,1,0,H2,portal SUI DiccionarioConsultaV2 (barrido tab 1..1400),,
1325,REGISTROS DE MICRORUTAS,566,Resolución SSPD 20101300048765 DE 2010,TECNICO OPERATIVO,ESTRUCTURADO,vigente-parcial-verificar,1,0,H2,portal SUI DiccionarioConsultaV2 (barrido tab 1..1400),,
1326,DISPOSICION FINAL OPERADOR DEL SITIO DE DISPOSICION FINAL,566,Resolución SSPD 20101300048765 DE 2010,TECNICO OPERATIVO,ESTRUCTURADO,vigente-parcial-verificar,1,0,H2,portal SUI DiccionarioConsultaV2 (barrido tab 1..1400),,
1327,PEAJES,566,Resolución SSPD 20101300048765 DE 2010,TECNICO OPERATIVO,ESTRUCTURADO,vigente-parcial-verificar,1,0,H2,portal SUI DiccionarioConsultaV2 (barrido tab 1..1400),,
1328,TARIFAS APLICADAS - ACUEDUCTO,566,Resolución SSPD 20101300048765 DE 2010,TARIFARIO Y COSTOS,ESTRUCTURADO,vigente-parcial-verificar,1,0,H2,portal SUI DiccionarioConsultaV2 (barrido tab 1..1400),,
1329,TARIFAS APLICADAS - ALCANTARILLADO,566,Resolución SSPD 20101300048765 DE 2010,TARIFARIO Y COSTOS,ESTRUCTURADO,vigente-parcial-verificar,1,0,H2,portal SUI DiccionarioConsultaV2 (barrido tab 1..1400),,
1340,EJECUCIÓN DE PROYECTOS - ALCANTARILLADO,566,Resolución SSPD 20101300048765 DE 2010,INVERSIONES Y SGP,ESTRUCTURADO,vigente-parcial-verificar,1,0,H2,portal SUI DiccionarioConsultaV2 (barrido tab 1..1400),,
1341,EJECUCIÓN DE PROYECTOS - ACUEDUCTO,566,Resolución SSPD 20101300048765 DE 2010,INVERSIONES Y SGP,ESTRUCTURADO,vigente-parcial-verificar,1,0,H2,portal SUI DiccionarioConsultaV2 (barrido tab 1..1400),,
1342,6 TONELADAS PROVENIENTES DEL AREA DE PRESTACION DEL SERVICIO,566,Resolución SSPD 20101300048765 DE 2010,TECNICO OPERATIVO,ESTRUCTURADO,vigente-parcial-verificar,1,0,H2,portal SUI DiccionarioConsultaV2 (barrido tab 1..1400),,
1343,RECLAMACIONES Y PETICIONES ACUEDUCTO,566,Resolución SSPD 20101300048765 DE 2010,PQR Y CONTROL SOCIAL,ESTRUCTURADO,vigente-parcial-verificar,1,0,H2,portal SUI DiccionarioConsultaV2 (barrido tab 1..1400),,
1344,FORMATO RECLAMACIONES Y PETICIONES ASEO,566,Resolución SSPD 20101300048765 DE 2010,PQR Y CONTROL SOCIAL,ESTRUCTURADO,vigente-parcial-verificar,1,0,H2,portal SUI DiccionarioConsultaV2 (barrido tab 1..1400),,
1345,PETICIONES Y RECLAMACIONES ALCANTARILLADO,566,Resolución SSPD 20101300048765 DE 2010,PQR Y CONTROL SOCIAL,ESTRUCTURADO,vigente-parcial-verificar,1,0,H2,portal SUI DiccionarioConsultaV2 (barrido tab 1..1400),,
1346,REGISTRO DE VEHICULOS PARA EL TRANSPORTE DE RESIDUOS SOLIDOS,566,Resolución SSPD 20101300048765 DE 2010,TECNICO OPERATIVO,ESTRUCTURADO,vigente-parcial-verificar,1,0,H2,portal SUI DiccionarioConsultaV2 (barrido tab 1..1400),,
1347,FLUJO DE CAJA REAL - ACUEDUCTO,566,Resolución SSPD 20101300048765 DE 2010,FINANCIERO Y CONTABLE,ESTRUCTURADO,vigente-parcial-verificar,1,0,H2,portal SUI DiccionarioConsultaV2 (barrido tab 1..1400),,
1348,FLUJO DE CAJA REAL - ALCANTARILLADO,566,Resolución SSPD 20101300048765 DE 2010,FINANCIERO Y CONTABLE,ESTRUCTURADO,vigente-parcial-verificar,1,0,H2,portal SUI DiccionarioConsultaV2 (barrido tab 1..1400),,
1349,REGISTRO DE PUNTOS DE VERTIMIENTO SOBRE EL CUERPO RECEPTOR,566,Resolución SSPD 20101300048765 DE 2010,TECNICO OPERATIVO,ESTRUCTURADO,vigente-parcial-verificar,1,0,H2,portal SUI DiccionarioConsultaV2 (barrido tab 1..1400),,
1353,CONTRATACIÓN CON RECURSOS SGP - PRESTADORES,566,Resolución SSPD 20101300048765 DE 2010,INVERSIONES Y SGP,ESTRUCTURADO,vigente-parcial-verificar,1,0,H2,portal SUI DiccionarioConsultaV2 (barrido tab 1..1400),,
1355,LIQUIDACION CON RECURSOS SGP - PRESTADORES,566,Resolución SSPD 20101300048765 DE 2010,INVERSIONES Y SGP,ESTRUCTURADO,vigente-parcial-verificar,1,0,H2,portal SUI DiccionarioConsultaV2 (barrido tab 1..1400),,
