id_formato,nombre_tabla
1,T_ESTADOS_FINANCIEROS
455,CAR_T455_FORMATO18
700,CAR_FAAC_ACDCTO
701,CAR_FAAL_ALCNTRLDO
702,CAR_FAAS_ASEO
704,CAR_T704_TARIFA_ACDCTO
705,CAR_T705_TARAPL_ACDCTO
706,CAR_T706_TARIFA_ALCNTRLDO
707,CAR_T707_TARAPL_ALCNTRLDO
708,CAR_T708_708
709,CAR_T709_709
710,CAR_T710_710
711,CAR_T711_711
715,CAR_T715_715
716,CAR_T716_716
717,CAR_T717_717
718,CAR_T718_718
719,CAR_T719_719
720,CAR_T720_720
721,CAR_T721_721
722,CAR_T722_722
730,CAR_T730_730
731,CAR_T730_730
732,CAR_T730_730
733,CAR_T733_733
734,CAR_T734_734
735,CAR_T735_CONTINUIDAD
751,CAR_T751_VERTICES_AREA
752,CAR_T752_RECOLECCIONTRANSPORTE
753,CAR_T753_SITIOSAPROVECHAMIENTO
754,CAR_T754_VEHICULOS
755,CAR_T755_COMERCIAL
756,CAR_T756_ESTACIONESTRANS
757,CAR_T757_VALOR_PEAJES
758,CAR_T758_SITIOSDISPOSICION
761,CAR_T761_MATRIZRIESGO
762,CAR_T761_MATRIZRIESGO
763,CAR_T761_MATRIZRIESGO
764,CAR_T761_MATRIZRIESGO
765,CAR_T761_MATRIZRIESGO
766,CAR_T761_MATRIZRIESGO
767,CAR_T761_MATRIZRIESGO
833,CAR_T733_SUS_PROY_ACU
834,CAR_T733_SUS_PROY_ACU
857,CAR_T857_TAR_APLICA_ASEO
858,CAR_T858_DISP_FINAL_SINNUAP
870,CAR_870_CTAXCOBRAR
871,CAR_871_CTASXPAGAR
872,CAR_872_FLUJOCAJA
873,CAR_873_CONFLCAJA
874,CAR_874_ESTRESPROY
875,CAR_875_CESRESULT
876,CAR_876_BALGENPRO
877,CAR_877_BALGENPA
878,CAR_870_CTAXCOBRAR
879,CAR_870_CTAXCOBRAR
880,CAR_880_M3VERTIDOS
881,CAR_881_MULTIUSUA
882,CAR_882_MULTIUSUAL
883,CAR_870_CTAXCOBRAR
884,CAR_871_CTASXPAGAR
885,CAR_871_CTASXPAGAR
886,CAR_871_CTASXPAGAR
887,CAR_871_CTASXPAGAR
888,CAR_871_CTASXPAGAR
889,CAR_871_CTASXPAGAR
890,CAR_872_FLUJOCAJA
891,CAR_872_FLUJOCAJA
892,CAR_872_FLUJOCAJA
893,CAR_872_FLUJOCAJA
894,CAR_872_FLUJOCAJA
895,CAR_872_FLUJOCAJA
896,CAR_873_CONFLCAJA
897,CAR_873_CONFLCAJA
898,CAR_873_CONFLCAJA
899,CAR_873_CONFLCAJA
900,CAR_873_CONFLCAJA
901,CAR_873_CONFLCAJA
902,CAR_874_ESTRESPROY
903,CAR_874_ESTRESPROY
904,CAR_874_ESTRESPROY
905,CAR_874_ESTRESPROY
906,CAR_874_ESTRESPROY
907,CAR_875_CESRESULT
908,CAR_875_CESRESULT
909,CAR_875_CESRESULT
910,CAR_875_CESRESULT
911,CAR_875_CESRESULT
912,CAR_875_CESRESULT
913,CAR_876_BALGENPRO
914,CAR_876_BALGENPRO
915,CAR_876_BALGENPRO
916,CAR_876_BALGENPRO
917,CAR_876_BALGENPRO
918,CAR_876_BALGENPRO
919,CAR_877_BALGENPA
920,CAR_877_BALGENPA
921,CAR_877_BALGENPA
922,CAR_877_BALGENPA
923,CAR_877_BALGENPA
924,CAR_877_BALGENPA
925,CAR_870_CTAXCOBRAR
926,CAR_870_CTAXCOBRAR
927,CAR_870_CTAXCOBRAR
928,CAR_874_ESTRESPROY
939,CAR_935_MATRIZR
940,CAR_936_CODIGOSN
971,CAR_T971_PQR
972,CAR_T972_PETICION
995,CAR_T995_USUARIOS_FACTURADOS
996,CAR_T996_CONSUMO_FACTURADO
998,CAR_T998_METAS_GLOBALES
1010,CAR_T1010_TAR_TEL_PUBLICOS
1011,CAR_T210_210
1014,CAR_T1014_TAR_PLAN_EMPAQUET
1019,CAR_T1019_TAR_PAR_AISLADO
1021,CAR_T1021_TAR_SER_COMPLEM
1022,CAR_T1022_TAR_SER_SUPLEMEN
1023,CAR_T1023_TAR_SER_CORPORAT
1030,CAR_T1030_BALANCESUBCONT
1032,CAR_T1032_AMB_CARS
1033,CAR_T1033_PLAN_DEPTO_CARS
1038,CAR_T1038_RES_HOSPCARS
1041,CAR_T1041_REGISTRO_PSMV
1048,CAR_T1048_VERT_ALC
1050,CAR_T1050_F1001_PRES
1051,CAR_T1051_FACT_SUBCONT
1056,CAR_T1056_F45_FRECOTORGASUB
1057,CAR_T1057_FACT_ACU
1058,CAR_T1058_FACT_ALC
1059,CAR_T1059_SUSPENSERVACU
1061,CAR_T1061_REDESSISALC
1062,CAR_T1062_FORMPROYECTOS
1063,CAR_T1062_FORMPROYECTOS
1064,CAR_T1064_EJECPROYECTOS
1069,CAR_T1069_FORMPROYEC_ASEO
1070,CAR_T1070_EJECPROYEC_ASEO
1072,CAR_T1067_CONTRATACION_SGP
1074,CAR_T1073_CXCSERVPUBLICOS
1075,CAR_T1080_LIQUIDACION_SGP
1076,CAR_T1234_ADICIONALES
1081,CAR_T1081_CARAC_ESPEC
1082,CAR_T1081_CARAC_ESPEC
1085,CAR_T1085_OPER_SITIOS_DF
1087,CAR_T1087_BAR_LIMPIEZA
1102,CAR_T1102_F141_CALIDADAGUAFSUP
1103,CAR_T1103_F142_CALIDADAGUAFSUB
1104,CAR_T1102_F141_CALIDADAGUAFSUP
1105,CAR_T1105_F134_REGESTMEDPREC
1106,CAR_T1106_F135_PREC
1107,CAR_T1107_ESTACION_TRANS
1109,CAR_T1109_COMERCIAL_ASEO
1112,CAR_T1073_CXCSERVPUBLICOS
1114,CAR_T1051_FACT_SUBCONT
1119,CAR_T1073_CXCSERVPUBLICOS
1124,CAR_T1055_RECLAMACIONES
1125,CAR_T1050_F1001_PRES
1126,CAR_T1126_FACT_SUBCONT
1228,CAR_T1227_DANE_IGAC
1229,CAR_T1229_REG_PUNTOS
1230,CAR_T1230_OBLIGATORIOS
1231,CAR_T1230_OBLIGATORIOS
1232,CAR_T1230_OBLIGATORIOS
1233,CAR_T1230_OBLIGATORIOS
1234,CAR_T1234_ADICIONALES
1242,CAR_T1242_DANE_IGAC_ANTIOQUIA
1243,CAR_T1243_DANE_IGAC_CALI
1244,CAR_T1244_DANE_IGAC_BOGOTA
1245,CAR_T1245_DANE_IGAC_MEDELLIN
1246,CAR_T1246CXC_SECTOROFICIAL
1247,CAR_T1246CXC_SECTOROFICIAL
1248,CAR_T1246CXC_SECTOROFICIAL
1249,CAR_T1249_COMP_ING_OPERA
1250,CAR_T1249_COMP_ING_OPERA
1267,CAR_T1267_CONV_COLEC
1268,CAR_T1268_CAT_EMPLEADO
1269,CAR_T1269_COMP_ING_OPER_AS
1271,CAR_T1271_FLUJO_CAJA_REAL
1272,CAR_T1272_COSTO_PAR_BOMBEO
1273,CAR_T1273_COSTO_TASA_AMBIENTAL
1274,CAR_T1274_COSTOS_ENERGIA_ALC
1275,CAR_T1275_COSTOS_ENERGIA_CE
1276,CAR_T1276_COST_INSUM_QUIMIC
1277,CAR_T1277_COSTOS_ENERGIA_ACU
1278,CAR_T1278_COST_AGUABLOQ_CMOp
1279,CAR_T1279_IMP_TASAS_OPE_ACU
1290,CAR_T1290_COSTINSQUIM
1291,CAR_T1291_COSTSERVPERS
1292,CAR_T1292_IMPUESTYTASAS
1293,CAR_T1293_COSTOPARTBOMBEO
1294,CAR_T1294_COSTOTASASAMBIENT
1295,CAR_T1295_OTR_COS_OPERA_AR
1320,CAR_T1109_COMERCIAL_ASEO
1321,CAR_T1109_COMERCIAL_ASEO
1324,CAR_T1109_COMERCIAL_ASEO
1325,CAR_T1083_MICRO_RUTA
1326,CAR_T1086_DISFIN_OPER
1327,CAR_T1088_PEAJES
1328,CAR_T1052_F22_PRESTACUEDUCTO
1329,CAR_T1053_TARAPL_ALC
1340,CAR_T1064_EJECPROYECTOS
1341,CAR_T1064_EJECPROYECTOS
1342,CAR_T1084_REG_TONELA
1343,CAR_T1055_RECLAMACIONES
1344,CAR_T1055_RECLAMACIONES
1345,CAR_T1055_RECLAMACIONES
1346,CAR_T1108_REGISTRO_VEHIC
1347,CAR_T1271_FLUJO_CAJA_REAL
1348,CAR_T1271_FLUJO_CAJA_REAL
1349,CAR_T1349_PUNT_VERT_CRECEP
1353,CAR_T1067_CONTRATACION_SGP
1355,CAR_T1080_LIQUIDACION_SGP
