id_formato,id_servicio
1,ACUEDUCTO
1,ALCANTARILLADO
1,ASEO
1,COSTOS-TARIFAS AA
1,RIESGOS AAA
1,TRANSVERSAL
9,ACUEDUCTO
9,ALCANTARILLADO
9,ASEO
9,COSTOS-TARIFAS AA
9,RIESGOS AAA
9,TRANSVERSAL
102,ACUEDUCTO
102,ALCANTARILLADO
102,ASEO
103,ACUEDUCTO
103,ALCANTARILLADO
103,ASEO
104,ACUEDUCTO
104,ALCANTARILLADO
104,ASEO
105,ACUEDUCTO
105,ALCANTARILLADO
105,ASEO
106,ACUEDUCTO
106,ALCANTARILLADO
106,ASEO
107,ACUEDUCTO
107,ALCANTARILLADO
107,ASEO
108,ACUEDUCTO
108,ALCANTARILLADO
108,ASEO
109,ACUEDUCTO
109,ALCANTARILLADO
109,ASEO
110,ACUEDUCTO
110,ALCANTARILLADO
110,ASEO
111,ACUEDUCTO
111,ALCANTARILLADO
111,ASEO
112,ACUEDUCTO
112,ALCANTARILLADO
112,ASEO
113,ACUEDUCTO
113,ALCANTARILLADO
113,ASEO
114,ACUEDUCTO
114,ALCANTARILLADO
114,ASEO
115,ACUEDUCTO
115,ALCANTARILLADO
115,ASEO
116,ACUEDUCTO
116,ALCANTARILLADO
116,ASEO
117,ACUEDUCTO
117,ALCANTARILLADO
117,ASEO
118,ACUEDUCTO
118,ALCANTARILLADO
118,ASEO
119,ACUEDUCTO
119,ALCANTARILLADO
119,ASEO
120,ACUEDUCTO
120,ALCANTARILLADO
120,ASEO
121,ACUEDUCTO
121,ALCANTARILLADO
121,ASEO
122,ACUEDUCTO
122,ALCANTARILLADO
122,ASEO
123,ACUEDUCTO
123,ALCANTARILLADO
123,ASEO
124,ACUEDUCTO
124,ALCANTARILLADO
124,ASEO
125,ACUEDUCTO
125,ALCANTARILLADO
125,ASEO
126,ACUEDUCTO
126,ALCANTARILLADO
126,ASEO
127,ACUEDUCTO
127,ALCANTARILLADO
127,ASEO
129,ASEO
130,ACUEDUCTO
130,ALCANTARILLADO
130,ASEO
133,ACUEDUCTO
133,ALCANTARILLADO
133,ASEO
136,ACUEDUCTO
136,ALCANTARILLADO
136,ASEO
137,ACUEDUCTO
137,ALCANTARILLADO
137,ASEO
138,ACUEDUCTO
138,ALCANTARILLADO
138,ASEO
139,ACUEDUCTO
139,ALCANTARILLADO
139,ASEO
142,ACUEDUCTO
142,ALCANTARILLADO
142,ASEO
143,ACUEDUCTO
143,ALCANTARILLADO
143,ASEO
144,ACUEDUCTO
144,ALCANTARILLADO
144,ASEO
145,ACUEDUCTO
145,ALCANTARILLADO
145,ASEO
146,ACUEDUCTO
146,ALCANTARILLADO
146,ASEO
148,ASEO
149,ACUEDUCTO
149,ALCANTARILLADO
149,ASEO
150,ACUEDUCTO
150,ALCANTARILLADO
150,ASEO
151,ACUEDUCTO
151,ALCANTARILLADO
151,ASEO
152,ACUEDUCTO
152,ALCANTARILLADO
152,ASEO
153,ACUEDUCTO
153,ALCANTARILLADO
153,ASEO
154,ACUEDUCTO
154,ALCANTARILLADO
154,ASEO
158,ACUEDUCTO
158,ALCANTARILLADO
158,ASEO
159,ACUEDUCTO
159,ALCANTARILLADO
159,ASEO
160,ASEO
167,ASEO
168,ACUEDUCTO
168,ALCANTARILLADO
168,ASEO
169,ASEO
170,ASEO
171,ASEO
172,ASEO
173,ASEO
174,ASEO
182,ACUEDUCTO
182,ALCANTARILLADO
182,ASEO
184,ACUEDUCTO
184,ALCANTARILLADO
184,ASEO
185,ACUEDUCTO
185,ALCANTARILLADO
185,ASEO
186,ACUEDUCTO
186,ALCANTARILLADO
186,ASEO
187,ACUEDUCTO
187,ALCANTARILLADO
187,ASEO
188,ACUEDUCTO
188,ALCANTARILLADO
188,ASEO
189,ACUEDUCTO
189,ALCANTARILLADO
189,ASEO
190,ACUEDUCTO
190,ALCANTARILLADO
190,ASEO
191,ACUEDUCTO
191,ALCANTARILLADO
191,ASEO
192,ACUEDUCTO
192,ALCANTARILLADO
192,ASEO
193,ACUEDUCTO
193,ALCANTARILLADO
193,ASEO
194,ACUEDUCTO
194,ALCANTARILLADO
194,ASEO
196,ACUEDUCTO
196,ALCANTARILLADO
196,ASEO
197,ACUEDUCTO
197,ALCANTARILLADO
197,ASEO
198,ACUEDUCTO
198,ALCANTARILLADO
198,ASEO
199,ACUEDUCTO
199,ALCANTARILLADO
199,ASEO
220,ACUEDUCTO
220,ALCANTARILLADO
220,ASEO
221,ACUEDUCTO
221,ALCANTARILLADO
221,ASEO
222,ACUEDUCTO
222,ALCANTARILLADO
222,ASEO
224,ASEO
225,ASEO
384,ASEO
700,ACUEDUCTO
700,ALCANTARILLADO
700,ASEO
701,ACUEDUCTO
701,ALCANTARILLADO
701,ASEO
702,ACUEDUCTO
702,ALCANTARILLADO
702,ASEO
704,ACUEDUCTO
704,ALCANTARILLADO
704,ASEO
705,ACUEDUCTO
705,ALCANTARILLADO
705,ASEO
706,ACUEDUCTO
706,ALCANTARILLADO
706,ASEO
707,ACUEDUCTO
707,ALCANTARILLADO
707,ASEO
708,ACUEDUCTO
708,ALCANTARILLADO
708,ASEO
709,ACUEDUCTO
709,ALCANTARILLADO
709,ASEO
710,ACUEDUCTO
710,ALCANTARILLADO
710,ASEO
711,ACUEDUCTO
711,ALCANTARILLADO
711,ASEO
715,ACUEDUCTO
715,ALCANTARILLADO
716,ACUEDUCTO
716,ALCANTARILLADO
717,ACUEDUCTO
717,ALCANTARILLADO
718,ACUEDUCTO
718,ALCANTARILLADO
719,ACUEDUCTO
719,ALCANTARILLADO
720,ACUEDUCTO
720,ALCANTARILLADO
721,ACUEDUCTO
721,ALCANTARILLADO
722,ACUEDUCTO
722,ALCANTARILLADO
722,ASEO
730,ASEO
731,ASEO
732,ASEO
735,ACUEDUCTO
735,ALCANTARILLADO
735,ASEO
761,ACUEDUCTO
761,ASEO
761,COSTOS-TARIFAS AA
761,RIESGOS AAA
761,TRANSVERSAL
762,ACUEDUCTO
762,ASEO
762,COSTOS-TARIFAS AA
762,RIESGOS AAA
762,TRANSVERSAL
763,ACUEDUCTO
763,ASEO
763,COSTOS-TARIFAS AA
763,RIESGOS AAA
763,TRANSVERSAL
764,ACUEDUCTO
764,ASEO
764,COSTOS-TARIFAS AA
764,RIESGOS AAA
764,TRANSVERSAL
765,ACUEDUCTO
765,ASEO
765,COSTOS-TARIFAS AA
765,RIESGOS AAA
765,TRANSVERSAL
766,ACUEDUCTO
766,ASEO
766,COSTOS-TARIFAS AA
766,RIESGOS AAA
766,TRANSVERSAL
767,ACUEDUCTO
767,ASEO
767,COSTOS-TARIFAS AA
767,RIESGOS AAA
767,TRANSVERSAL
768,ACUEDUCTO
768,ASEO
768,COSTOS-TARIFAS AA
768,RIESGOS AAA
768,TRANSVERSAL
769,ACUEDUCTO
769,ASEO
769,COSTOS-TARIFAS AA
769,RIESGOS AAA
769,TRANSVERSAL
770,ACUEDUCTO
770,ASEO
770,COSTOS-TARIFAS AA
770,RIESGOS AAA
770,TRANSVERSAL
771,ACUEDUCTO
771,ASEO
771,COSTOS-TARIFAS AA
771,RIESGOS AAA
771,TRANSVERSAL
772,ACUEDUCTO
772,ASEO
772,COSTOS-TARIFAS AA
772,RIESGOS AAA
772,TRANSVERSAL
773,ACUEDUCTO
773,ASEO
773,COSTOS-TARIFAS AA
773,RIESGOS AAA
773,TRANSVERSAL
774,ACUEDUCTO
774,ASEO
774,COSTOS-TARIFAS AA
774,RIESGOS AAA
774,TRANSVERSAL
775,ACUEDUCTO
775,ASEO
775,COSTOS-TARIFAS AA
775,RIESGOS AAA
775,TRANSVERSAL
776,ACUEDUCTO
776,ASEO
776,COSTOS-TARIFAS AA
776,RIESGOS AAA
776,TRANSVERSAL
777,ACUEDUCTO
777,ASEO
777,COSTOS-TARIFAS AA
777,RIESGOS AAA
777,TRANSVERSAL
778,ACUEDUCTO
778,ASEO
778,COSTOS-TARIFAS AA
778,RIESGOS AAA
778,TRANSVERSAL
779,ACUEDUCTO
779,ASEO
779,COSTOS-TARIFAS AA
779,RIESGOS AAA
779,TRANSVERSAL
780,ACUEDUCTO
780,ASEO
780,COSTOS-TARIFAS AA
780,RIESGOS AAA
780,TRANSVERSAL
781,ACUEDUCTO
781,ASEO
781,COSTOS-TARIFAS AA
781,RIESGOS AAA
781,TRANSVERSAL
782,ACUEDUCTO
782,ASEO
782,COSTOS-TARIFAS AA
782,RIESGOS AAA
782,TRANSVERSAL
783,ACUEDUCTO
783,ASEO
783,COSTOS-TARIFAS AA
783,RIESGOS AAA
783,TRANSVERSAL
784,ACUEDUCTO
784,ASEO
784,COSTOS-TARIFAS AA
784,RIESGOS AAA
784,TRANSVERSAL
785,ACUEDUCTO
785,ASEO
785,COSTOS-TARIFAS AA
785,RIESGOS AAA
785,TRANSVERSAL
787,ACUEDUCTO
787,ASEO
787,COSTOS-TARIFAS AA
787,RIESGOS AAA
787,TRANSVERSAL
788,ACUEDUCTO
788,ASEO
788,COSTOS-TARIFAS AA
788,RIESGOS AAA
788,TRANSVERSAL
789,ACUEDUCTO
789,ASEO
789,COSTOS-TARIFAS AA
789,RIESGOS AAA
789,TRANSVERSAL
790,ACUEDUCTO
790,ASEO
790,COSTOS-TARIFAS AA
790,RIESGOS AAA
790,TRANSVERSAL
791,ACUEDUCTO
791,ASEO
791,COSTOS-TARIFAS AA
791,RIESGOS AAA
791,TRANSVERSAL
833,ACUEDUCTO
833,ALCANTARILLADO
833,ASEO
834,ACUEDUCTO
834,ALCANTARILLADO
834,ASEO
857,ACUEDUCTO
857,ALCANTARILLADO
857,ASEO
870,ACUEDUCTO
870,ASEO
870,COSTOS-TARIFAS AA
870,RIESGOS AAA
870,TRANSVERSAL
871,ACUEDUCTO
871,ASEO
871,COSTOS-TARIFAS AA
871,RIESGOS AAA
871,TRANSVERSAL
872,ACUEDUCTO
872,ASEO
872,COSTOS-TARIFAS AA
872,RIESGOS AAA
872,TRANSVERSAL
873,ACUEDUCTO
873,ASEO
873,COSTOS-TARIFAS AA
873,RIESGOS AAA
873,TRANSVERSAL
874,ACUEDUCTO
874,ASEO
874,COSTOS-TARIFAS AA
874,RIESGOS AAA
874,TRANSVERSAL
875,ACUEDUCTO
875,ASEO
875,COSTOS-TARIFAS AA
875,RIESGOS AAA
875,TRANSVERSAL
876,ACUEDUCTO
876,ASEO
876,COSTOS-TARIFAS AA
876,RIESGOS AAA
876,TRANSVERSAL
877,ACUEDUCTO
877,ASEO
877,COSTOS-TARIFAS AA
877,RIESGOS AAA
877,TRANSVERSAL
878,ACUEDUCTO
878,ASEO
878,COSTOS-TARIFAS AA
878,RIESGOS AAA
878,TRANSVERSAL
879,ACUEDUCTO
879,ASEO
879,COSTOS-TARIFAS AA
879,RIESGOS AAA
879,TRANSVERSAL
880,ACUEDUCTO
880,ALCANTARILLADO
881,ACUEDUCTO
881,ALCANTARILLADO
882,ACUEDUCTO
882,ALCANTARILLADO
883,ACUEDUCTO
883,ASEO
883,COSTOS-TARIFAS AA
883,RIESGOS AAA
883,TRANSVERSAL
884,ACUEDUCTO
884,ASEO
884,COSTOS-TARIFAS AA
884,RIESGOS AAA
884,TRANSVERSAL
885,ACUEDUCTO
885,ASEO
885,COSTOS-TARIFAS AA
885,RIESGOS AAA
885,TRANSVERSAL
886,ACUEDUCTO
886,ASEO
886,COSTOS-TARIFAS AA
886,RIESGOS AAA
886,TRANSVERSAL
887,ACUEDUCTO
887,ASEO
887,COSTOS-TARIFAS AA
887,RIESGOS AAA
887,TRANSVERSAL
888,ACUEDUCTO
888,ASEO
888,COSTOS-TARIFAS AA
888,RIESGOS AAA
888,TRANSVERSAL
889,ACUEDUCTO
889,ASEO
889,COSTOS-TARIFAS AA
889,RIESGOS AAA
889,TRANSVERSAL
890,ACUEDUCTO
890,ASEO
890,COSTOS-TARIFAS AA
890,RIESGOS AAA
890,TRANSVERSAL
891,ACUEDUCTO
891,ASEO
891,COSTOS-TARIFAS AA
891,RIESGOS AAA
891,TRANSVERSAL
892,ACUEDUCTO
892,ASEO
892,COSTOS-TARIFAS AA
892,RIESGOS AAA
892,TRANSVERSAL
893,ACUEDUCTO
893,ASEO
893,COSTOS-TARIFAS AA
893,RIESGOS AAA
893,TRANSVERSAL
894,ACUEDUCTO
894,ASEO
894,COSTOS-TARIFAS AA
894,RIESGOS AAA
894,TRANSVERSAL
895,ACUEDUCTO
895,ASEO
895,COSTOS-TARIFAS AA
895,RIESGOS AAA
895,TRANSVERSAL
896,ACUEDUCTO
896,ASEO
896,COSTOS-TARIFAS AA
896,RIESGOS AAA
896,TRANSVERSAL
897,ACUEDUCTO
897,ASEO
897,COSTOS-TARIFAS AA
897,RIESGOS AAA
897,TRANSVERSAL
898,ACUEDUCTO
898,ASEO
898,COSTOS-TARIFAS AA
898,RIESGOS AAA
898,TRANSVERSAL
899,ACUEDUCTO
899,ASEO
899,COSTOS-TARIFAS AA
899,RIESGOS AAA
899,TRANSVERSAL
900,ACUEDUCTO
900,ASEO
900,COSTOS-TARIFAS AA
900,RIESGOS AAA
900,TRANSVERSAL
901,ACUEDUCTO
901,ASEO
901,COSTOS-TARIFAS AA
901,RIESGOS AAA
901,TRANSVERSAL
902,ACUEDUCTO
902,ASEO
902,COSTOS-TARIFAS AA
902,RIESGOS AAA
902,TRANSVERSAL
903,ACUEDUCTO
903,ASEO
903,COSTOS-TARIFAS AA
903,RIESGOS AAA
903,TRANSVERSAL
904,ACUEDUCTO
904,ASEO
904,COSTOS-TARIFAS AA
904,RIESGOS AAA
904,TRANSVERSAL
905,ACUEDUCTO
905,ASEO
905,COSTOS-TARIFAS AA
905,RIESGOS AAA
905,TRANSVERSAL
906,ACUEDUCTO
906,ASEO
906,COSTOS-TARIFAS AA
906,RIESGOS AAA
906,TRANSVERSAL
907,ACUEDUCTO
907,ASEO
907,COSTOS-TARIFAS AA
907,RIESGOS AAA
907,TRANSVERSAL
908,ACUEDUCTO
908,ASEO
908,COSTOS-TARIFAS AA
908,RIESGOS AAA
908,TRANSVERSAL
909,ACUEDUCTO
909,ASEO
909,COSTOS-TARIFAS AA
909,RIESGOS AAA
909,TRANSVERSAL
910,ACUEDUCTO
910,ASEO
910,COSTOS-TARIFAS AA
910,RIESGOS AAA
910,TRANSVERSAL
911,ACUEDUCTO
911,ASEO
911,COSTOS-TARIFAS AA
911,RIESGOS AAA
911,TRANSVERSAL
912,ACUEDUCTO
912,ASEO
912,COSTOS-TARIFAS AA
912,RIESGOS AAA
912,TRANSVERSAL
913,ACUEDUCTO
913,ASEO
913,COSTOS-TARIFAS AA
913,RIESGOS AAA
913,TRANSVERSAL
914,ACUEDUCTO
914,ASEO
914,COSTOS-TARIFAS AA
914,RIESGOS AAA
914,TRANSVERSAL
915,ACUEDUCTO
915,ASEO
915,COSTOS-TARIFAS AA
915,RIESGOS AAA
915,TRANSVERSAL
916,ACUEDUCTO
916,ASEO
916,COSTOS-TARIFAS AA
916,RIESGOS AAA
916,TRANSVERSAL
917,ACUEDUCTO
917,ASEO
917,COSTOS-TARIFAS AA
917,RIESGOS AAA
917,TRANSVERSAL
918,ACUEDUCTO
918,ASEO
918,COSTOS-TARIFAS AA
918,RIESGOS AAA
918,TRANSVERSAL
919,ACUEDUCTO
919,ASEO
919,COSTOS-TARIFAS AA
919,RIESGOS AAA
919,TRANSVERSAL
920,ACUEDUCTO
920,ASEO
920,COSTOS-TARIFAS AA
920,RIESGOS AAA
920,TRANSVERSAL
921,ACUEDUCTO
921,ASEO
921,COSTOS-TARIFAS AA
921,RIESGOS AAA
921,TRANSVERSAL
922,ACUEDUCTO
922,ASEO
922,COSTOS-TARIFAS AA
922,RIESGOS AAA
922,TRANSVERSAL
923,ACUEDUCTO
923,ASEO
923,COSTOS-TARIFAS AA
923,RIESGOS AAA
923,TRANSVERSAL
924,ACUEDUCTO
924,ASEO
924,COSTOS-TARIFAS AA
924,RIESGOS AAA
924,TRANSVERSAL
925,ACUEDUCTO
925,ASEO
925,COSTOS-TARIFAS AA
925,RIESGOS AAA
925,TRANSVERSAL
926,ACUEDUCTO
926,ASEO
926,COSTOS-TARIFAS AA
926,RIESGOS AAA
926,TRANSVERSAL
927,ACUEDUCTO
927,ASEO
927,COSTOS-TARIFAS AA
927,RIESGOS AAA
927,TRANSVERSAL
928,ACUEDUCTO
928,ASEO
928,COSTOS-TARIFAS AA
928,RIESGOS AAA
928,TRANSVERSAL
939,ACUEDUCTO
939,ASEO
939,COSTOS-TARIFAS AA
939,RIESGOS AAA
939,TRANSVERSAL
940,ACUEDUCTO
940,ASEO
940,COSTOS-TARIFAS AA
940,RIESGOS AAA
940,TRANSVERSAL
941,ACUEDUCTO
941,ASEO
941,COSTOS-TARIFAS AA
941,RIESGOS AAA
941,TRANSVERSAL
942,ACUEDUCTO
942,ASEO
942,COSTOS-TARIFAS AA
942,RIESGOS AAA
942,TRANSVERSAL
943,ACUEDUCTO
943,ASEO
943,COSTOS-TARIFAS AA
943,RIESGOS AAA
943,TRANSVERSAL
944,ACUEDUCTO
944,ASEO
944,COSTOS-TARIFAS AA
944,RIESGOS AAA
944,TRANSVERSAL
945,ACUEDUCTO
945,ASEO
945,COSTOS-TARIFAS AA
945,RIESGOS AAA
945,TRANSVERSAL
946,ACUEDUCTO
946,ASEO
946,COSTOS-TARIFAS AA
946,RIESGOS AAA
946,TRANSVERSAL
947,ACUEDUCTO
947,ASEO
947,COSTOS-TARIFAS AA
947,RIESGOS AAA
947,TRANSVERSAL
949,ACUEDUCTO
949,ASEO
949,COSTOS-TARIFAS AA
949,RIESGOS AAA
949,TRANSVERSAL
950,ACUEDUCTO
950,ASEO
950,COSTOS-TARIFAS AA
950,RIESGOS AAA
950,TRANSVERSAL
951,ACUEDUCTO
951,ASEO
951,COSTOS-TARIFAS AA
951,RIESGOS AAA
951,TRANSVERSAL
952,ACUEDUCTO
952,ASEO
952,COSTOS-TARIFAS AA
952,RIESGOS AAA
952,TRANSVERSAL
954,ACUEDUCTO
954,ASEO
954,COSTOS-TARIFAS AA
954,RIESGOS AAA
954,TRANSVERSAL
955,ACUEDUCTO
955,ASEO
955,COSTOS-TARIFAS AA
955,RIESGOS AAA
955,TRANSVERSAL
956,ACUEDUCTO
956,ASEO
956,COSTOS-TARIFAS AA
956,RIESGOS AAA
956,TRANSVERSAL
957,ACUEDUCTO
957,ASEO
957,COSTOS-TARIFAS AA
957,RIESGOS AAA
957,TRANSVERSAL
958,ACUEDUCTO
958,ASEO
958,COSTOS-TARIFAS AA
958,RIESGOS AAA
958,TRANSVERSAL
959,ACUEDUCTO
959,ASEO
959,COSTOS-TARIFAS AA
959,RIESGOS AAA
959,TRANSVERSAL
971,ACUEDUCTO
971,ALCANTARILLADO
971,ASEO
972,ACUEDUCTO
972,ALCANTARILLADO
972,ASEO
1050,ACUEDUCTO
1050,ALCANTARILLADO
1050,ASEO
1051,ASEO
1052,ACUEDUCTO
1052,ALCANTARILLADO
1052,ASEO
1053,ACUEDUCTO
1053,ALCANTARILLADO
1053,ASEO
1055,ACUEDUCTO
1055,ALCANTARILLADO
1055,ASEO
1056,ACUEDUCTO
1056,ALCANTARILLADO
1056,ASEO
1057,ASEO
1058,ACUEDUCTO
1058,ALCANTARILLADO
1058,ASEO
1059,ASEO
1060,ACUEDUCTO
1060,ALCANTARILLADO
1060,ASEO
1061,ASEO
1062,ASEO
1063,ASEO
1064,ASEO
1065,ACUEDUCTO
1065,ALCANTARILLADO
1065,ASEO
1068,ACUEDUCTO
1068,ALCANTARILLADO
1068,ASEO
1069,ASEO
1070,ASEO
1071,ACUEDUCTO
1071,ALCANTARILLADO
1071,ASEO
1072,ASEO
1074,ASEO
1075,ASEO
1076,ACUEDUCTO
1076,ALCANTARILLADO
1076,ASEO
1077,ACUEDUCTO
1077,ALCANTARILLADO
1077,ASEO
1081,ASEO
1082,ACUEDUCTO
1082,ALCANTARILLADO
1082,ASEO
1083,ACUEDUCTO
1083,ALCANTARILLADO
1083,ASEO
1084,ACUEDUCTO
1084,ALCANTARILLADO
1084,ASEO
1085,ASEO
1086,ACUEDUCTO
1086,ALCANTARILLADO
1086,ASEO
1087,ASEO
1088,ACUEDUCTO
1088,ALCANTARILLADO
1088,ASEO
1102,ASEO
1103,ACUEDUCTO
1103,ALCANTARILLADO
1103,ASEO
1104,ASEO
1105,ACUEDUCTO
1105,ALCANTARILLADO
1105,ASEO
1106,ASEO
1107,ASEO
1108,ACUEDUCTO
1108,ALCANTARILLADO
1108,ASEO
1109,ASEO
1112,ASEO
1113,ACUEDUCTO
1113,ALCANTARILLADO
1113,ASEO
1114,ASEO
1115,ACUEDUCTO
1115,ALCANTARILLADO
1115,ASEO
1116,ACUEDUCTO
1116,ALCANTARILLADO
1116,ASEO
1117,ACUEDUCTO
1117,ALCANTARILLADO
1117,ASEO
1118,ACUEDUCTO
1118,ALCANTARILLADO
1118,ASEO
1119,ASEO
1121,ACUEDUCTO
1121,ALCANTARILLADO
1121,ASEO
1124,ASEO
1125,ASEO
1126,ASEO
1219,ASEO
1220,ASEO
1229,ACUEDUCTO
1229,ALCANTARILLADO
1229,ASEO
1230,ACUEDUCTO
1230,ALCANTARILLADO
1230,ASEO
1231,ACUEDUCTO
1231,ALCANTARILLADO
1231,ASEO
1232,ACUEDUCTO
1232,ALCANTARILLADO
1232,ASEO
1233,ASEO
1234,ASEO
1235,ACUEDUCTO
1235,ALCANTARILLADO
1235,ASEO
1236,ACUEDUCTO
1236,ALCANTARILLADO
1236,ASEO
1242,ACUEDUCTO
1242,ALCANTARILLADO
1242,ASEO
1242,COSTOS-TARIFAS AA
1242,RIESGOS AAA
1242,TRANSVERSAL
1243,ACUEDUCTO
1243,ALCANTARILLADO
1243,ASEO
1243,COSTOS-TARIFAS AA
1243,RIESGOS AAA
1243,TRANSVERSAL
1244,ACUEDUCTO
1244,ALCANTARILLADO
1244,ASEO
1244,COSTOS-TARIFAS AA
1244,RIESGOS AAA
1244,TRANSVERSAL
1245,ACUEDUCTO
1245,ALCANTARILLADO
1245,ASEO
1245,COSTOS-TARIFAS AA
1245,RIESGOS AAA
1245,TRANSVERSAL
1246,ACUEDUCTO
1246,ALCANTARILLADO
1246,ASEO
1247,ACUEDUCTO
1247,ALCANTARILLADO
1248,ASEO
1249,ASEO
1250,ASEO
1251,ACUEDUCTO
1251,ALCANTARILLADO
1251,ASEO
1252,ACUEDUCTO
1252,ALCANTARILLADO
1252,ASEO
1253,ACUEDUCTO
1253,ALCANTARILLADO
1253,ASEO
1254,ACUEDUCTO
1254,ALCANTARILLADO
1254,ASEO
1255,ACUEDUCTO
1255,ALCANTARILLADO
1255,ASEO
1256,ACUEDUCTO
1256,ALCANTARILLADO
1256,ASEO
1257,ACUEDUCTO
1257,ALCANTARILLADO
1257,ASEO
1258,ACUEDUCTO
1258,ALCANTARILLADO
1258,ASEO
1259,ACUEDUCTO
1259,ALCANTARILLADO
1259,ASEO
1260,ACUEDUCTO
1260,ALCANTARILLADO
1260,ASEO
1261,ACUEDUCTO
1261,ALCANTARILLADO
1261,ASEO
1262,ACUEDUCTO
1262,ALCANTARILLADO
1262,ASEO
1263,ACUEDUCTO
1263,ALCANTARILLADO
1263,ASEO
1265,ACUEDUCTO
1265,ALCANTARILLADO
1265,ASEO
1266,ACUEDUCTO
1266,ALCANTARILLADO
1266,ASEO
1267,ASEO
1268,ASEO
1269,ASEO
1271,ASEO
1272,ASEO
1273,ASEO
1274,ASEO
1275,ASEO
1276,ASEO
1277,ASEO
1278,ASEO
1279,ASEO
1290,ASEO
1291,ASEO
1292,ASEO
1293,ASEO
1294,ASEO
1295,ASEO
1320,ASEO
1321,ASEO
1324,ASEO
1325,ASEO
1326,ASEO
1327,ASEO
1328,ASEO
1329,ASEO
1340,ASEO
1341,ASEO
1342,ASEO
1343,ASEO
1344,ASEO
1345,ASEO
1346,ASEO
1347,ASEO
1348,ASEO
1349,ASEO
1353,ASEO
1355,ASEO
