origen_tipo,origen_id,destino_tipo,destino_id,relacion,calidad,fuente
norma,21,formato,1,exige,declarada-portal,portal SUI
norma,21,formato,9,exige,declarada-portal,portal SUI
norma,326,formato,102,exige,declarada-portal,portal SUI
norma,326,formato,103,exige,declarada-portal,portal SUI
norma,326,formato,104,exige,declarada-portal,portal SUI
norma,326,formato,105,exige,declarada-portal,portal SUI
norma,326,formato,106,exige,declarada-portal,portal SUI
norma,326,formato,107,exige,declarada-portal,portal SUI
norma,326,formato,108,exige,declarada-portal,portal SUI
norma,326,formato,109,exige,declarada-portal,portal SUI
norma,326,formato,110,exige,declarada-portal,portal SUI
norma,326,formato,111,exige,declarada-portal,portal SUI
norma,326,formato,112,exige,declarada-portal,portal SUI
norma,326,formato,113,exige,declarada-portal,portal SUI
norma,326,formato,114,exige,declarada-portal,portal SUI
norma,326,formato,115,exige,declarada-portal,portal SUI
norma,326,formato,116,exige,declarada-portal,portal SUI
norma,326,formato,117,exige,declarada-portal,portal SUI
norma,326,formato,118,exige,declarada-portal,portal SUI
norma,326,formato,119,exige,declarada-portal,portal SUI
norma,326,formato,120,exige,declarada-portal,portal SUI
norma,326,formato,121,exige,declarada-portal,portal SUI
norma,326,formato,122,exige,declarada-portal,portal SUI
norma,326,formato,123,exige,declarada-portal,portal SUI
norma,326,formato,124,exige,declarada-portal,portal SUI
norma,326,formato,125,exige,declarada-portal,portal SUI
norma,326,formato,126,exige,declarada-portal,portal SUI
norma,326,formato,127,exige,declarada-portal,portal SUI
norma,566,formato,129,exige,declarada-portal,portal SUI
norma,326,formato,130,exige,declarada-portal,portal SUI
norma,326,formato,133,exige,declarada-portal,portal SUI
norma,326,formato,136,exige,declarada-portal,portal SUI
norma,326,formato,137,exige,declarada-portal,portal SUI
norma,326,formato,138,exige,declarada-portal,portal SUI
norma,326,formato,139,exige,declarada-portal,portal SUI
norma,326,formato,142,exige,declarada-portal,portal SUI
norma,326,formato,143,exige,declarada-portal,portal SUI
norma,326,formato,144,exige,declarada-portal,portal SUI
norma,326,formato,145,exige,declarada-portal,portal SUI
norma,326,formato,146,exige,declarada-portal,portal SUI
norma,566,formato,148,exige,declarada-portal,portal SUI
norma,326,formato,149,exige,declarada-portal,portal SUI
norma,326,formato,150,exige,declarada-portal,portal SUI
norma,326,formato,151,exige,declarada-portal,portal SUI
norma,326,formato,152,exige,declarada-portal,portal SUI
norma,326,formato,153,exige,declarada-portal,portal SUI
norma,326,formato,154,exige,declarada-portal,portal SUI
norma,326,formato,158,exige,declarada-portal,portal SUI
norma,326,formato,159,exige,declarada-portal,portal SUI
norma,566,formato,160,exige,declarada-portal,portal SUI
norma,,formato,166,exige,sin-norma,portal SUI
norma,566,formato,167,exige,declarada-portal,portal SUI
norma,326,formato,168,exige,declarada-portal,portal SUI
norma,566,formato,169,exige,declarada-portal,portal SUI
norma,566,formato,170,exige,declarada-portal,portal SUI
norma,566,formato,171,exige,declarada-portal,portal SUI
norma,566,formato,172,exige,declarada-portal,portal SUI
norma,566,formato,173,exige,declarada-portal,portal SUI
norma,566,formato,174,exige,declarada-portal,portal SUI
norma,,formato,178,exige,sin-norma,portal SUI
norma,,formato,179,exige,sin-norma,portal SUI
norma,326,formato,182,exige,declarada-portal,portal SUI
norma,326,formato,184,exige,declarada-portal,portal SUI
norma,326,formato,185,exige,declarada-portal,portal SUI
norma,326,formato,186,exige,declarada-portal,portal SUI
norma,326,formato,187,exige,declarada-portal,portal SUI
norma,326,formato,188,exige,declarada-portal,portal SUI
norma,326,formato,189,exige,declarada-portal,portal SUI
norma,326,formato,190,exige,declarada-portal,portal SUI
norma,326,formato,191,exige,declarada-portal,portal SUI
norma,326,formato,192,exige,declarada-portal,portal SUI
norma,326,formato,193,exige,declarada-portal,portal SUI
norma,326,formato,194,exige,declarada-portal,portal SUI
norma,326,formato,196,exige,declarada-portal,portal SUI
norma,326,formato,197,exige,declarada-portal,portal SUI
norma,326,formato,198,exige,declarada-portal,portal SUI
norma,326,formato,199,exige,declarada-portal,portal SUI
norma,326,formato,220,exige,declarada-portal,portal SUI
norma,326,formato,221,exige,declarada-portal,portal SUI
norma,326,formato,222,exige,declarada-portal,portal SUI
norma,566,formato,224,exige,declarada-portal,portal SUI
norma,566,formato,225,exige,declarada-portal,portal SUI
norma,,formato,350,exige,sin-norma,portal SUI
norma,,formato,352,exige,sin-norma,portal SUI
norma,,formato,380,exige,sin-norma,portal SUI
norma,,formato,382,exige,sin-norma,portal SUI
norma,566,formato,384,exige,declarada-portal,portal SUI
norma,9001,formato,455,exige,declarada-portal,portal SUI
norma,1,formato,700,exige,declarada-portal,portal SUI
norma,1,formato,701,exige,declarada-portal,portal SUI
norma,3,formato,702,exige,declarada-portal,portal SUI
norma,3,formato,704,exige,declarada-portal,portal SUI
norma,3,formato,705,exige,declarada-portal,portal SUI
norma,3,formato,706,exige,declarada-portal,portal SUI
norma,3,formato,707,exige,declarada-portal,portal SUI
norma,3,formato,708,exige,declarada-portal,portal SUI
norma,3,formato,709,exige,declarada-portal,portal SUI
norma,3,formato,710,exige,declarada-portal,portal SUI
norma,3,formato,711,exige,declarada-portal,portal SUI
norma,4,formato,715,exige,declarada-portal,portal SUI
norma,4,formato,716,exige,declarada-portal,portal SUI
norma,4,formato,717,exige,declarada-portal,portal SUI
norma,4,formato,718,exige,declarada-portal,portal SUI
norma,4,formato,719,exige,declarada-portal,portal SUI
norma,4,formato,720,exige,declarada-portal,portal SUI
norma,4,formato,721,exige,declarada-portal,portal SUI
norma,3,formato,722,exige,declarada-portal,portal SUI
norma,5,formato,730,exige,declarada-portal,portal SUI
norma,5,formato,731,exige,declarada-portal,portal SUI
norma,5,formato,732,exige,declarada-portal,portal SUI
norma,9002,formato,733,exige,declarada-portal,portal SUI
norma,9002,formato,734,exige,declarada-portal,portal SUI
norma,33,formato,735,exige,declarada-portal,portal SUI
norma,9003,formato,751,exige,declarada-portal,portal SUI
norma,9003,formato,752,exige,declarada-portal,portal SUI
norma,9004,formato,753,exige,declarada-portal,portal SUI
norma,9003,formato,754,exige,declarada-portal,portal SUI
norma,9003,formato,755,exige,declarada-portal,portal SUI
norma,9003,formato,756,exige,declarada-portal,portal SUI
norma,9003,formato,757,exige,declarada-portal,portal SUI
norma,9003,formato,758,exige,declarada-portal,portal SUI
norma,39,formato,761,exige,declarada-portal,portal SUI
norma,39,formato,762,exige,declarada-portal,portal SUI
norma,39,formato,763,exige,declarada-portal,portal SUI
norma,39,formato,764,exige,declarada-portal,portal SUI
norma,39,formato,765,exige,declarada-portal,portal SUI
norma,39,formato,766,exige,declarada-portal,portal SUI
norma,39,formato,767,exige,declarada-portal,portal SUI
norma,39,formato,768,exige,declarada-portal,portal SUI
norma,39,formato,769,exige,declarada-portal,portal SUI
norma,39,formato,770,exige,declarada-portal,portal SUI
norma,39,formato,771,exige,declarada-portal,portal SUI
norma,39,formato,772,exige,declarada-portal,portal SUI
norma,39,formato,773,exige,declarada-portal,portal SUI
norma,39,formato,774,exige,declarada-portal,portal SUI
norma,39,formato,775,exige,declarada-portal,portal SUI
norma,39,formato,776,exige,declarada-portal,portal SUI
norma,39,formato,777,exige,declarada-portal,portal SUI
norma,39,formato,778,exige,declarada-portal,portal SUI
norma,39,formato,779,exige,declarada-portal,portal SUI
norma,39,formato,780,exige,declarada-portal,portal SUI
norma,39,formato,781,exige,declarada-portal,portal SUI
norma,39,formato,782,exige,declarada-portal,portal SUI
norma,39,formato,783,exige,declarada-portal,portal SUI
norma,39,formato,784,exige,declarada-portal,portal SUI
norma,39,formato,785,exige,declarada-portal,portal SUI
norma,39,formato,787,exige,declarada-portal,portal SUI
norma,39,formato,788,exige,declarada-portal,portal SUI
norma,39,formato,789,exige,declarada-portal,portal SUI
norma,39,formato,790,exige,declarada-portal,portal SUI
norma,39,formato,791,exige,declarada-portal,portal SUI
norma,33,formato,833,exige,declarada-portal,portal SUI
norma,33,formato,834,exige,declarada-portal,portal SUI
norma,326,formato,857,exige,declarada-portal,portal SUI
norma,9004,formato,858,exige,declarada-portal,portal SUI
norma,446,formato,870,exige,declarada-portal,portal SUI
norma,446,formato,871,exige,declarada-portal,portal SUI
norma,446,formato,872,exige,declarada-portal,portal SUI
norma,446,formato,873,exige,declarada-portal,portal SUI
norma,446,formato,874,exige,declarada-portal,portal SUI
norma,446,formato,875,exige,declarada-portal,portal SUI
norma,446,formato,876,exige,declarada-portal,portal SUI
norma,446,formato,877,exige,declarada-portal,portal SUI
norma,22,formato,878,exige,declarada-portal,portal SUI
norma,22,formato,879,exige,declarada-portal,portal SUI
norma,188,formato,880,exige,declarada-portal,portal SUI
norma,188,formato,881,exige,declarada-portal,portal SUI
norma,188,formato,882,exige,declarada-portal,portal SUI
norma,22,formato,883,exige,declarada-portal,portal SUI
norma,22,formato,884,exige,declarada-portal,portal SUI
norma,22,formato,885,exige,declarada-portal,portal SUI
norma,22,formato,886,exige,declarada-portal,portal SUI
norma,446,formato,887,exige,declarada-portal,portal SUI
norma,446,formato,888,exige,declarada-portal,portal SUI
norma,22,formato,889,exige,declarada-portal,portal SUI
norma,22,formato,890,exige,declarada-portal,portal SUI
norma,22,formato,891,exige,declarada-portal,portal SUI
norma,22,formato,892,exige,declarada-portal,portal SUI
norma,446,formato,893,exige,declarada-portal,portal SUI
norma,446,formato,894,exige,declarada-portal,portal SUI
norma,22,formato,895,exige,declarada-portal,portal SUI
norma,22,formato,896,exige,declarada-portal,portal SUI
norma,22,formato,897,exige,declarada-portal,portal SUI
norma,22,formato,898,exige,declarada-portal,portal SUI
norma,446,formato,899,exige,declarada-portal,portal SUI
norma,446,formato,900,exige,declarada-portal,portal SUI
norma,22,formato,901,exige,declarada-portal,portal SUI
norma,22,formato,902,exige,declarada-portal,portal SUI
norma,22,formato,903,exige,declarada-portal,portal SUI
norma,22,formato,904,exige,declarada-portal,portal SUI
norma,446,formato,905,exige,declarada-portal,portal SUI
norma,446,formato,906,exige,declarada-portal,portal SUI
norma,22,formato,907,exige,declarada-portal,portal SUI
norma,22,formato,908,exige,declarada-portal,portal SUI
norma,22,formato,909,exige,declarada-portal,portal SUI
norma,446,formato,910,exige,declarada-portal,portal SUI
norma,446,formato,911,exige,declarada-portal,portal SUI
norma,22,formato,912,exige,declarada-portal,portal SUI
norma,22,formato,913,exige,declarada-portal,portal SUI
norma,22,formato,914,exige,declarada-portal,portal SUI
norma,22,formato,915,exige,declarada-portal,portal SUI
norma,446,formato,916,exige,declarada-portal,portal SUI
norma,446,formato,917,exige,declarada-portal,portal SUI
norma,22,formato,918,exige,declarada-portal,portal SUI
norma,22,formato,919,exige,declarada-portal,portal SUI
norma,22,formato,920,exige,declarada-portal,portal SUI
norma,22,formato,921,exige,declarada-portal,portal SUI
norma,446,formato,922,exige,declarada-portal,portal SUI
norma,446,formato,923,exige,declarada-portal,portal SUI
norma,22,formato,924,exige,declarada-portal,portal SUI
norma,22,formato,925,exige,declarada-portal,portal SUI
norma,446,formato,926,exige,declarada-portal,portal SUI
norma,446,formato,927,exige,declarada-portal,portal SUI
norma,22,formato,928,exige,declarada-portal,portal SUI
norma,39,formato,939,exige,declarada-portal,portal SUI
norma,39,formato,940,exige,declarada-portal,portal SUI
norma,39,formato,941,exige,declarada-portal,portal SUI
norma,39,formato,942,exige,declarada-portal,portal SUI
norma,39,formato,943,exige,declarada-portal,portal SUI
norma,39,formato,944,exige,declarada-portal,portal SUI
norma,39,formato,945,exige,declarada-portal,portal SUI
norma,39,formato,946,exige,declarada-portal,portal SUI
norma,39,formato,947,exige,declarada-portal,portal SUI
norma,39,formato,949,exige,declarada-portal,portal SUI
norma,39,formato,950,exige,declarada-portal,portal SUI
norma,39,formato,951,exige,declarada-portal,portal SUI
norma,39,formato,952,exige,declarada-portal,portal SUI
norma,39,formato,954,exige,declarada-portal,portal SUI
norma,39,formato,955,exige,declarada-portal,portal SUI
norma,39,formato,956,exige,declarada-portal,portal SUI
norma,39,formato,957,exige,declarada-portal,portal SUI
norma,39,formato,958,exige,declarada-portal,portal SUI
norma,39,formato,959,exige,declarada-portal,portal SUI
norma,29,formato,971,exige,declarada-portal,portal SUI
norma,29,formato,972,exige,declarada-portal,portal SUI
norma,9005,formato,995,exige,declarada-portal,portal SUI
norma,9005,formato,996,exige,declarada-portal,portal SUI
norma,9005,formato,998,exige,declarada-portal,portal SUI
norma,9006,formato,1010,exige,declarada-portal,portal SUI
norma,9006,formato,1011,exige,declarada-portal,portal SUI
norma,9006,formato,1014,exige,declarada-portal,portal SUI
norma,9006,formato,1019,exige,declarada-portal,portal SUI
norma,9006,formato,1021,exige,declarada-portal,portal SUI
norma,9006,formato,1022,exige,declarada-portal,portal SUI
norma,9006,formato,1023,exige,declarada-portal,portal SUI
norma,9007,formato,1030,exige,declarada-portal,portal SUI
norma,9007,formato,1031,exige,declarada-portal,portal SUI
norma,9007,formato,1032,exige,declarada-portal,portal SUI
norma,9007,formato,1033,exige,declarada-portal,portal SUI
norma,9007,formato,1034,exige,declarada-portal,portal SUI
norma,9007,formato,1036,exige,declarada-portal,portal SUI
norma,9007,formato,1037,exige,declarada-portal,portal SUI
norma,9007,formato,1038,exige,declarada-portal,portal SUI
norma,9007,formato,1041,exige,declarada-portal,portal SUI
norma,9007,formato,1048,exige,declarada-portal,portal SUI
norma,326,formato,1050,exige,declarada-portal,portal SUI
norma,566,formato,1051,exige,declarada-portal,portal SUI
norma,326,formato,1052,exige,declarada-portal,portal SUI
norma,326,formato,1053,exige,declarada-portal,portal SUI
norma,326,formato,1055,exige,declarada-portal,portal SUI
norma,326,formato,1056,exige,declarada-portal,portal SUI
norma,566,formato,1057,exige,declarada-portal,portal SUI
norma,326,formato,1058,exige,declarada-portal,portal SUI
norma,566,formato,1059,exige,declarada-portal,portal SUI
norma,326,formato,1060,exige,declarada-portal,portal SUI
norma,566,formato,1061,exige,declarada-portal,portal SUI
norma,566,formato,1062,exige,declarada-portal,portal SUI
norma,566,formato,1063,exige,declarada-portal,portal SUI
norma,566,formato,1064,exige,declarada-portal,portal SUI
norma,326,formato,1065,exige,declarada-portal,portal SUI
norma,326,formato,1068,exige,declarada-portal,portal SUI
norma,566,formato,1069,exige,declarada-portal,portal SUI
norma,566,formato,1070,exige,declarada-portal,portal SUI
norma,326,formato,1071,exige,declarada-portal,portal SUI
norma,566,formato,1072,exige,declarada-portal,portal SUI
norma,566,formato,1074,exige,declarada-portal,portal SUI
norma,566,formato,1075,exige,declarada-portal,portal SUI
norma,326,formato,1076,exige,declarada-portal,portal SUI
norma,326,formato,1077,exige,declarada-portal,portal SUI
norma,566,formato,1081,exige,declarada-portal,portal SUI
norma,326,formato,1082,exige,declarada-portal,portal SUI
norma,326,formato,1083,exige,declarada-portal,portal SUI
norma,326,formato,1084,exige,declarada-portal,portal SUI
norma,566,formato,1085,exige,declarada-portal,portal SUI
norma,326,formato,1086,exige,declarada-portal,portal SUI
norma,566,formato,1087,exige,declarada-portal,portal SUI
norma,326,formato,1088,exige,declarada-portal,portal SUI
norma,566,formato,1102,exige,declarada-portal,portal SUI
norma,326,formato,1103,exige,declarada-portal,portal SUI
norma,566,formato,1104,exige,declarada-portal,portal SUI
norma,326,formato,1105,exige,declarada-portal,portal SUI
norma,566,formato,1106,exige,declarada-portal,portal SUI
norma,566,formato,1107,exige,declarada-portal,portal SUI
norma,326,formato,1108,exige,declarada-portal,portal SUI
norma,566,formato,1109,exige,declarada-portal,portal SUI
norma,,formato,1110,exige,sin-norma,portal SUI
norma,566,formato,1112,exige,declarada-portal,portal SUI
norma,326,formato,1113,exige,declarada-portal,portal SUI
norma,566,formato,1114,exige,declarada-portal,portal SUI
norma,326,formato,1115,exige,declarada-portal,portal SUI
norma,326,formato,1116,exige,declarada-portal,portal SUI
norma,326,formato,1117,exige,declarada-portal,portal SUI
norma,326,formato,1118,exige,declarada-portal,portal SUI
norma,566,formato,1119,exige,declarada-portal,portal SUI
norma,326,formato,1121,exige,declarada-portal,portal SUI
norma,,formato,1122,exige,sin-norma,portal SUI
norma,,formato,1123,exige,sin-norma,portal SUI
norma,566,formato,1124,exige,declarada-portal,portal SUI
norma,566,formato,1125,exige,declarada-portal,portal SUI
norma,566,formato,1126,exige,declarada-portal,portal SUI
norma,,formato,1127,exige,sin-norma,portal SUI
norma,9004,formato,1200,exige,declarada-portal,portal SUI
norma,9004,formato,1201,exige,declarada-portal,portal SUI
norma,9004,formato,1202,exige,declarada-portal,portal SUI
norma,9004,formato,1203,exige,declarada-portal,portal SUI
norma,9004,formato,1204,exige,declarada-portal,portal SUI
norma,247,formato,1219,exige,declarada-portal,portal SUI
norma,247,formato,1220,exige,declarada-portal,portal SUI
norma,9008,formato,1228,exige,declarada-portal,portal SUI
norma,326,formato,1229,exige,declarada-portal,portal SUI
norma,326,formato,1230,exige,declarada-portal,portal SUI
norma,326,formato,1231,exige,declarada-portal,portal SUI
norma,326,formato,1232,exige,declarada-portal,portal SUI
norma,566,formato,1233,exige,declarada-portal,portal SUI
norma,566,formato,1234,exige,declarada-portal,portal SUI
norma,326,formato,1235,exige,declarada-portal,portal SUI
norma,326,formato,1236,exige,declarada-portal,portal SUI
norma,747,formato,1242,exige,declarada-portal,portal SUI
norma,747,formato,1243,exige,declarada-portal,portal SUI
norma,747,formato,1244,exige,declarada-portal,portal SUI
norma,747,formato,1245,exige,declarada-portal,portal SUI
norma,1,formato,1246,exige,declarada-portal,portal SUI
norma,2,formato,1247,exige,declarada-portal,portal SUI
norma,566,formato,1248,exige,declarada-portal,portal SUI
norma,566,formato,1249,exige,declarada-portal,portal SUI
norma,566,formato,1250,exige,declarada-portal,portal SUI
norma,326,formato,1251,exige,declarada-portal,portal SUI
norma,326,formato,1252,exige,declarada-portal,portal SUI
norma,326,formato,1253,exige,declarada-portal,portal SUI
norma,326,formato,1254,exige,declarada-portal,portal SUI
norma,326,formato,1255,exige,declarada-portal,portal SUI
norma,326,formato,1256,exige,declarada-portal,portal SUI
norma,326,formato,1257,exige,declarada-portal,portal SUI
norma,326,formato,1258,exige,declarada-portal,portal SUI
norma,326,formato,1259,exige,declarada-portal,portal SUI
norma,326,formato,1260,exige,declarada-portal,portal SUI
norma,326,formato,1261,exige,declarada-portal,portal SUI
norma,326,formato,1262,exige,declarada-portal,portal SUI
norma,326,formato,1263,exige,declarada-portal,portal SUI
norma,9003,formato,1264,exige,declarada-portal,portal SUI
norma,326,formato,1265,exige,declarada-portal,portal SUI
norma,326,formato,1266,exige,declarada-portal,portal SUI
norma,566,formato,1267,exige,declarada-portal,portal SUI
norma,566,formato,1268,exige,declarada-portal,portal SUI
norma,566,formato,1269,exige,declarada-portal,portal SUI
norma,566,formato,1271,exige,declarada-portal,portal SUI
norma,566,formato,1272,exige,declarada-portal,portal SUI
norma,566,formato,1273,exige,declarada-portal,portal SUI
norma,566,formato,1274,exige,declarada-portal,portal SUI
norma,566,formato,1275,exige,declarada-portal,portal SUI
norma,566,formato,1276,exige,declarada-portal,portal SUI
norma,566,formato,1277,exige,declarada-portal,portal SUI
norma,566,formato,1278,exige,declarada-portal,portal SUI
norma,566,formato,1279,exige,declarada-portal,portal SUI
norma,566,formato,1290,exige,declarada-portal,portal SUI
norma,566,formato,1291,exige,declarada-portal,portal SUI
norma,566,formato,1292,exige,declarada-portal,portal SUI
norma,566,formato,1293,exige,declarada-portal,portal SUI
norma,566,formato,1294,exige,declarada-portal,portal SUI
norma,566,formato,1295,exige,declarada-portal,portal SUI
norma,566,formato,1320,exige,declarada-portal,portal SUI
norma,566,formato,1321,exige,declarada-portal,portal SUI
norma,,formato,1322,exige,sin-norma,portal SUI
norma,,formato,1323,exige,sin-norma,portal SUI
norma,566,formato,1324,exige,declarada-portal,portal SUI
norma,566,formato,1325,exige,declarada-portal,portal SUI
norma,566,formato,1326,exige,declarada-portal,portal SUI
norma,566,formato,1327,exige,declarada-portal,portal SUI
norma,566,formato,1328,exige,declarada-portal,portal SUI
norma,566,formato,1329,exige,declarada-portal,portal SUI
norma,566,formato,1340,exige,declarada-portal,portal SUI
norma,566,formato,1341,exige,declarada-portal,portal SUI
norma,566,formato,1342,exige,declarada-portal,portal SUI
norma,566,formato,1343,exige,declarada-portal,portal SUI
norma,566,formato,1344,exige,declarada-portal,portal SUI
norma,566,formato,1345,exige,declarada-portal,portal SUI
norma,566,formato,1346,exige,declarada-portal,portal SUI
norma,566,formato,1347,exige,declarada-portal,portal SUI
norma,566,formato,1348,exige,declarada-portal,portal SUI
norma,566,formato,1349,exige,declarada-portal,portal SUI
norma,566,formato,1353,exige,declarada-portal,portal SUI
norma,566,formato,1355,exige,declarada-portal,portal SUI
formato,1,tabla_sui,T_ESTADOS_FINANCIEROS,alimenta,declarada-portal,portal SUI
formato,455,tabla_sui,CAR_T455_FORMATO18,alimenta,declarada-portal,portal SUI
formato,700,tabla_sui,CAR_FAAC_ACDCTO,alimenta,declarada-portal,portal SUI
formato,701,tabla_sui,CAR_FAAL_ALCNTRLDO,alimenta,declarada-portal,portal SUI
formato,702,tabla_sui,CAR_FAAS_ASEO,alimenta,declarada-portal,portal SUI
formato,704,tabla_sui,CAR_T704_TARIFA_ACDCTO,alimenta,declarada-portal,portal SUI
formato,705,tabla_sui,CAR_T705_TARAPL_ACDCTO,alimenta,declarada-portal,portal SUI
formato,706,tabla_sui,CAR_T706_TARIFA_ALCNTRLDO,alimenta,declarada-portal,portal SUI
formato,707,tabla_sui,CAR_T707_TARAPL_ALCNTRLDO,alimenta,declarada-portal,portal SUI
formato,708,tabla_sui,CAR_T708_708,alimenta,declarada-portal,portal SUI
formato,709,tabla_sui,CAR_T709_709,alimenta,declarada-portal,portal SUI
formato,710,tabla_sui,CAR_T710_710,alimenta,declarada-portal,portal SUI
formato,711,tabla_sui,CAR_T711_711,alimenta,declarada-portal,portal SUI
formato,715,tabla_sui,CAR_T715_715,alimenta,declarada-portal,portal SUI
formato,716,tabla_sui,CAR_T716_716,alimenta,declarada-portal,portal SUI
formato,717,tabla_sui,CAR_T717_717,alimenta,declarada-portal,portal SUI
formato,718,tabla_sui,CAR_T718_718,alimenta,declarada-portal,portal SUI
formato,719,tabla_sui,CAR_T719_719,alimenta,declarada-portal,portal SUI
formato,720,tabla_sui,CAR_T720_720,alimenta,declarada-portal,portal SUI
formato,721,tabla_sui,CAR_T721_721,alimenta,declarada-portal,portal SUI
formato,722,tabla_sui,CAR_T722_722,alimenta,declarada-portal,portal SUI
formato,730,tabla_sui,CAR_T730_730,alimenta,declarada-portal,portal SUI
formato,731,tabla_sui,CAR_T730_730,alimenta,declarada-portal,portal SUI
formato,732,tabla_sui,CAR_T730_730,alimenta,declarada-portal,portal SUI
formato,733,tabla_sui,CAR_T733_733,alimenta,declarada-portal,portal SUI
formato,734,tabla_sui,CAR_T734_734,alimenta,declarada-portal,portal SUI
formato,735,tabla_sui,CAR_T735_CONTINUIDAD,alimenta,declarada-portal,portal SUI
formato,751,tabla_sui,CAR_T751_VERTICES_AREA,alimenta,declarada-portal,portal SUI
formato,752,tabla_sui,CAR_T752_RECOLECCIONTRANSPORTE,alimenta,declarada-portal,portal SUI
formato,753,tabla_sui,CAR_T753_SITIOSAPROVECHAMIENTO,alimenta,declarada-portal,portal SUI
formato,754,tabla_sui,CAR_T754_VEHICULOS,alimenta,declarada-portal,portal SUI
formato,755,tabla_sui,CAR_T755_COMERCIAL,alimenta,declarada-portal,portal SUI
formato,756,tabla_sui,CAR_T756_ESTACIONESTRANS,alimenta,declarada-portal,portal SUI
formato,757,tabla_sui,CAR_T757_VALOR_PEAJES,alimenta,declarada-portal,portal SUI
formato,758,tabla_sui,CAR_T758_SITIOSDISPOSICION,alimenta,declarada-portal,portal SUI
formato,761,tabla_sui,CAR_T761_MATRIZRIESGO,alimenta,declarada-portal,portal SUI
formato,762,tabla_sui,CAR_T761_MATRIZRIESGO,alimenta,declarada-portal,portal SUI
formato,763,tabla_sui,CAR_T761_MATRIZRIESGO,alimenta,declarada-portal,portal SUI
formato,764,tabla_sui,CAR_T761_MATRIZRIESGO,alimenta,declarada-portal,portal SUI
formato,765,tabla_sui,CAR_T761_MATRIZRIESGO,alimenta,declarada-portal,portal SUI
formato,766,tabla_sui,CAR_T761_MATRIZRIESGO,alimenta,declarada-portal,portal SUI
formato,767,tabla_sui,CAR_T761_MATRIZRIESGO,alimenta,declarada-portal,portal SUI
formato,833,tabla_sui,CAR_T733_SUS_PROY_ACU,alimenta,declarada-portal,portal SUI
formato,834,tabla_sui,CAR_T733_SUS_PROY_ACU,alimenta,declarada-portal,portal SUI
formato,857,tabla_sui,CAR_T857_TAR_APLICA_ASEO,alimenta,declarada-portal,portal SUI
formato,858,tabla_sui,CAR_T858_DISP_FINAL_SINNUAP,alimenta,declarada-portal,portal SUI
formato,870,tabla_sui,CAR_870_CTAXCOBRAR,alimenta,declarada-portal,portal SUI
formato,871,tabla_sui,CAR_871_CTASXPAGAR,alimenta,declarada-portal,portal SUI
formato,872,tabla_sui,CAR_872_FLUJOCAJA,alimenta,declarada-portal,portal SUI
formato,873,tabla_sui,CAR_873_CONFLCAJA,alimenta,declarada-portal,portal SUI
formato,874,tabla_sui,CAR_874_ESTRESPROY,alimenta,declarada-portal,portal SUI
formato,875,tabla_sui,CAR_875_CESRESULT,alimenta,declarada-portal,portal SUI
formato,876,tabla_sui,CAR_876_BALGENPRO,alimenta,declarada-portal,portal SUI
formato,877,tabla_sui,CAR_877_BALGENPA,alimenta,declarada-portal,portal SUI
formato,878,tabla_sui,CAR_870_CTAXCOBRAR,alimenta,declarada-portal,portal SUI
formato,879,tabla_sui,CAR_870_CTAXCOBRAR,alimenta,declarada-portal,portal SUI
formato,880,tabla_sui,CAR_880_M3VERTIDOS,alimenta,declarada-portal,portal SUI
formato,881,tabla_sui,CAR_881_MULTIUSUA,alimenta,declarada-portal,portal SUI
formato,882,tabla_sui,CAR_882_MULTIUSUAL,alimenta,declarada-portal,portal SUI
formato,883,tabla_sui,CAR_870_CTAXCOBRAR,alimenta,declarada-portal,portal SUI
formato,884,tabla_sui,CAR_871_CTASXPAGAR,alimenta,declarada-portal,portal SUI
formato,885,tabla_sui,CAR_871_CTASXPAGAR,alimenta,declarada-portal,portal SUI
formato,886,tabla_sui,CAR_871_CTASXPAGAR,alimenta,declarada-portal,portal SUI
formato,887,tabla_sui,CAR_871_CTASXPAGAR,alimenta,declarada-portal,portal SUI
formato,888,tabla_sui,CAR_871_CTASXPAGAR,alimenta,declarada-portal,portal SUI
formato,889,tabla_sui,CAR_871_CTASXPAGAR,alimenta,declarada-portal,portal SUI
formato,890,tabla_sui,CAR_872_FLUJOCAJA,alimenta,declarada-portal,portal SUI
formato,891,tabla_sui,CAR_872_FLUJOCAJA,alimenta,declarada-portal,portal SUI
formato,892,tabla_sui,CAR_872_FLUJOCAJA,alimenta,declarada-portal,portal SUI
formato,893,tabla_sui,CAR_872_FLUJOCAJA,alimenta,declarada-portal,portal SUI
formato,894,tabla_sui,CAR_872_FLUJOCAJA,alimenta,declarada-portal,portal SUI
formato,895,tabla_sui,CAR_872_FLUJOCAJA,alimenta,declarada-portal,portal SUI
formato,896,tabla_sui,CAR_873_CONFLCAJA,alimenta,declarada-portal,portal SUI
formato,897,tabla_sui,CAR_873_CONFLCAJA,alimenta,declarada-portal,portal SUI
formato,898,tabla_sui,CAR_873_CONFLCAJA,alimenta,declarada-portal,portal SUI
formato,899,tabla_sui,CAR_873_CONFLCAJA,alimenta,declarada-portal,portal SUI
formato,900,tabla_sui,CAR_873_CONFLCAJA,alimenta,declarada-portal,portal SUI
formato,901,tabla_sui,CAR_873_CONFLCAJA,alimenta,declarada-portal,portal SUI
formato,902,tabla_sui,CAR_874_ESTRESPROY,alimenta,declarada-portal,portal SUI
formato,903,tabla_sui,CAR_874_ESTRESPROY,alimenta,declarada-portal,portal SUI
formato,904,tabla_sui,CAR_874_ESTRESPROY,alimenta,declarada-portal,portal SUI
formato,905,tabla_sui,CAR_874_ESTRESPROY,alimenta,declarada-portal,portal SUI
formato,906,tabla_sui,CAR_874_ESTRESPROY,alimenta,declarada-portal,portal SUI
formato,907,tabla_sui,CAR_875_CESRESULT,alimenta,declarada-portal,portal SUI
formato,908,tabla_sui,CAR_875_CESRESULT,alimenta,declarada-portal,portal SUI
formato,909,tabla_sui,CAR_875_CESRESULT,alimenta,declarada-portal,portal SUI
formato,910,tabla_sui,CAR_875_CESRESULT,alimenta,declarada-portal,portal SUI
formato,911,tabla_sui,CAR_875_CESRESULT,alimenta,declarada-portal,portal SUI
formato,912,tabla_sui,CAR_875_CESRESULT,alimenta,declarada-portal,portal SUI
formato,913,tabla_sui,CAR_876_BALGENPRO,alimenta,declarada-portal,portal SUI
formato,914,tabla_sui,CAR_876_BALGENPRO,alimenta,declarada-portal,portal SUI
formato,915,tabla_sui,CAR_876_BALGENPRO,alimenta,declarada-portal,portal SUI
formato,916,tabla_sui,CAR_876_BALGENPRO,alimenta,declarada-portal,portal SUI
formato,917,tabla_sui,CAR_876_BALGENPRO,alimenta,declarada-portal,portal SUI
formato,918,tabla_sui,CAR_876_BALGENPRO,alimenta,declarada-portal,portal SUI
formato,919,tabla_sui,CAR_877_BALGENPA,alimenta,declarada-portal,portal SUI
formato,920,tabla_sui,CAR_877_BALGENPA,alimenta,declarada-portal,portal SUI
formato,921,tabla_sui,CAR_877_BALGENPA,alimenta,declarada-portal,portal SUI
formato,922,tabla_sui,CAR_877_BALGENPA,alimenta,declarada-portal,portal SUI
formato,923,tabla_sui,CAR_877_BALGENPA,alimenta,declarada-portal,portal SUI
formato,924,tabla_sui,CAR_877_BALGENPA,alimenta,declarada-portal,portal SUI
formato,925,tabla_sui,CAR_870_CTAXCOBRAR,alimenta,declarada-portal,portal SUI
formato,926,tabla_sui,CAR_870_CTAXCOBRAR,alimenta,declarada-portal,portal SUI
formato,927,tabla_sui,CAR_870_CTAXCOBRAR,alimenta,declarada-portal,portal SUI
formato,928,tabla_sui,CAR_874_ESTRESPROY,alimenta,declarada-portal,portal SUI
formato,939,tabla_sui,CAR_935_MATRIZR,alimenta,declarada-portal,portal SUI
formato,940,tabla_sui,CAR_936_CODIGOSN,alimenta,declarada-portal,portal SUI
formato,971,tabla_sui,CAR_T971_PQR,alimenta,declarada-portal,portal SUI
formato,972,tabla_sui,CAR_T972_PETICION,alimenta,declarada-portal,portal SUI
formato,995,tabla_sui,CAR_T995_USUARIOS_FACTURADOS,alimenta,declarada-portal,portal SUI
formato,996,tabla_sui,CAR_T996_CONSUMO_FACTURADO,alimenta,declarada-portal,portal SUI
formato,998,tabla_sui,CAR_T998_METAS_GLOBALES,alimenta,declarada-portal,portal SUI
formato,1010,tabla_sui,CAR_T1010_TAR_TEL_PUBLICOS,alimenta,declarada-portal,portal SUI
formato,1011,tabla_sui,CAR_T210_210,alimenta,declarada-portal,portal SUI
formato,1014,tabla_sui,CAR_T1014_TAR_PLAN_EMPAQUET,alimenta,declarada-portal,portal SUI
formato,1019,tabla_sui,CAR_T1019_TAR_PAR_AISLADO,alimenta,declarada-portal,portal SUI
formato,1021,tabla_sui,CAR_T1021_TAR_SER_COMPLEM,alimenta,declarada-portal,portal SUI
formato,1022,tabla_sui,CAR_T1022_TAR_SER_SUPLEMEN,alimenta,declarada-portal,portal SUI
formato,1023,tabla_sui,CAR_T1023_TAR_SER_CORPORAT,alimenta,declarada-portal,portal SUI
formato,1030,tabla_sui,CAR_T1030_BALANCESUBCONT,alimenta,declarada-portal,portal SUI
formato,1032,tabla_sui,CAR_T1032_AMB_CARS,alimenta,declarada-portal,portal SUI
formato,1033,tabla_sui,CAR_T1033_PLAN_DEPTO_CARS,alimenta,declarada-portal,portal SUI
formato,1038,tabla_sui,CAR_T1038_RES_HOSPCARS,alimenta,declarada-portal,portal SUI
formato,1041,tabla_sui,CAR_T1041_REGISTRO_PSMV,alimenta,declarada-portal,portal SUI
formato,1048,tabla_sui,CAR_T1048_VERT_ALC,alimenta,declarada-portal,portal SUI
formato,1050,tabla_sui,CAR_T1050_F1001_PRES,alimenta,declarada-portal,portal SUI
formato,1051,tabla_sui,CAR_T1051_FACT_SUBCONT,alimenta,declarada-portal,portal SUI
formato,1056,tabla_sui,CAR_T1056_F45_FRECOTORGASUB,alimenta,declarada-portal,portal SUI
formato,1057,tabla_sui,CAR_T1057_FACT_ACU,alimenta,declarada-portal,portal SUI
formato,1058,tabla_sui,CAR_T1058_FACT_ALC,alimenta,declarada-portal,portal SUI
formato,1059,tabla_sui,CAR_T1059_SUSPENSERVACU,alimenta,declarada-portal,portal SUI
formato,1061,tabla_sui,CAR_T1061_REDESSISALC,alimenta,declarada-portal,portal SUI
formato,1062,tabla_sui,CAR_T1062_FORMPROYECTOS,alimenta,declarada-portal,portal SUI
formato,1063,tabla_sui,CAR_T1062_FORMPROYECTOS,alimenta,declarada-portal,portal SUI
formato,1064,tabla_sui,CAR_T1064_EJECPROYECTOS,alimenta,declarada-portal,portal SUI
formato,1069,tabla_sui,CAR_T1069_FORMPROYEC_ASEO,alimenta,declarada-portal,portal SUI
formato,1070,tabla_sui,CAR_T1070_EJECPROYEC_ASEO,alimenta,declarada-portal,portal SUI
formato,1072,tabla_sui,CAR_T1067_CONTRATACION_SGP,alimenta,declarada-portal,portal SUI
formato,1074,tabla_sui,CAR_T1073_CXCSERVPUBLICOS,alimenta,declarada-portal,portal SUI
formato,1075,tabla_sui,CAR_T1080_LIQUIDACION_SGP,alimenta,declarada-portal,portal SUI
formato,1076,tabla_sui,CAR_T1234_ADICIONALES,alimenta,declarada-portal,portal SUI
formato,1081,tabla_sui,CAR_T1081_CARAC_ESPEC,alimenta,declarada-portal,portal SUI
formato,1082,tabla_sui,CAR_T1081_CARAC_ESPEC,alimenta,declarada-portal,portal SUI
formato,1085,tabla_sui,CAR_T1085_OPER_SITIOS_DF,alimenta,declarada-portal,portal SUI
formato,1087,tabla_sui,CAR_T1087_BAR_LIMPIEZA,alimenta,declarada-portal,portal SUI
formato,1102,tabla_sui,CAR_T1102_F141_CALIDADAGUAFSUP,alimenta,declarada-portal,portal SUI
formato,1103,tabla_sui,CAR_T1103_F142_CALIDADAGUAFSUB,alimenta,declarada-portal,portal SUI
formato,1104,tabla_sui,CAR_T1102_F141_CALIDADAGUAFSUP,alimenta,declarada-portal,portal SUI
formato,1105,tabla_sui,CAR_T1105_F134_REGESTMEDPREC,alimenta,declarada-portal,portal SUI
formato,1106,tabla_sui,CAR_T1106_F135_PREC,alimenta,declarada-portal,portal SUI
formato,1107,tabla_sui,CAR_T1107_ESTACION_TRANS,alimenta,declarada-portal,portal SUI
formato,1109,tabla_sui,CAR_T1109_COMERCIAL_ASEO,alimenta,declarada-portal,portal SUI
formato,1112,tabla_sui,CAR_T1073_CXCSERVPUBLICOS,alimenta,declarada-portal,portal SUI
formato,1114,tabla_sui,CAR_T1051_FACT_SUBCONT,alimenta,declarada-portal,portal SUI
formato,1119,tabla_sui,CAR_T1073_CXCSERVPUBLICOS,alimenta,declarada-portal,portal SUI
formato,1124,tabla_sui,CAR_T1055_RECLAMACIONES,alimenta,declarada-portal,portal SUI
formato,1125,tabla_sui,CAR_T1050_F1001_PRES,alimenta,declarada-portal,portal SUI
formato,1126,tabla_sui,CAR_T1126_FACT_SUBCONT,alimenta,declarada-portal,portal SUI
formato,1228,tabla_sui,CAR_T1227_DANE_IGAC,alimenta,declarada-portal,portal SUI
formato,1229,tabla_sui,CAR_T1229_REG_PUNTOS,alimenta,declarada-portal,portal SUI
formato,1230,tabla_sui,CAR_T1230_OBLIGATORIOS,alimenta,declarada-portal,portal SUI
formato,1231,tabla_sui,CAR_T1230_OBLIGATORIOS,alimenta,declarada-portal,portal SUI
formato,1232,tabla_sui,CAR_T1230_OBLIGATORIOS,alimenta,declarada-portal,portal SUI
formato,1233,tabla_sui,CAR_T1230_OBLIGATORIOS,alimenta,declarada-portal,portal SUI
formato,1234,tabla_sui,CAR_T1234_ADICIONALES,alimenta,declarada-portal,portal SUI
formato,1242,tabla_sui,CAR_T1242_DANE_IGAC_ANTIOQUIA,alimenta,declarada-portal,portal SUI
formato,1243,tabla_sui,CAR_T1243_DANE_IGAC_CALI,alimenta,declarada-portal,portal SUI
formato,1244,tabla_sui,CAR_T1244_DANE_IGAC_BOGOTA,alimenta,declarada-portal,portal SUI
formato,1245,tabla_sui,CAR_T1245_DANE_IGAC_MEDELLIN,alimenta,declarada-portal,portal SUI
formato,1246,tabla_sui,CAR_T1246CXC_SECTOROFICIAL,alimenta,declarada-portal,portal SUI
formato,1247,tabla_sui,CAR_T1246CXC_SECTOROFICIAL,alimenta,declarada-portal,portal SUI
formato,1248,tabla_sui,CAR_T1246CXC_SECTOROFICIAL,alimenta,declarada-portal,portal SUI
formato,1249,tabla_sui,CAR_T1249_COMP_ING_OPERA,alimenta,declarada-portal,portal SUI
formato,1250,tabla_sui,CAR_T1249_COMP_ING_OPERA,alimenta,declarada-portal,portal SUI
formato,1267,tabla_sui,CAR_T1267_CONV_COLEC,alimenta,declarada-portal,portal SUI
formato,1268,tabla_sui,CAR_T1268_CAT_EMPLEADO,alimenta,declarada-portal,portal SUI
formato,1269,tabla_sui,CAR_T1269_COMP_ING_OPER_AS,alimenta,declarada-portal,portal SUI
formato,1271,tabla_sui,CAR_T1271_FLUJO_CAJA_REAL,alimenta,declarada-portal,portal SUI
formato,1272,tabla_sui,CAR_T1272_COSTO_PAR_BOMBEO,alimenta,declarada-portal,portal SUI
formato,1273,tabla_sui,CAR_T1273_COSTO_TASA_AMBIENTAL,alimenta,declarada-portal,portal SUI
formato,1274,tabla_sui,CAR_T1274_COSTOS_ENERGIA_ALC,alimenta,declarada-portal,portal SUI
formato,1275,tabla_sui,CAR_T1275_COSTOS_ENERGIA_CE,alimenta,declarada-portal,portal SUI
formato,1276,tabla_sui,CAR_T1276_COST_INSUM_QUIMIC,alimenta,declarada-portal,portal SUI
formato,1277,tabla_sui,CAR_T1277_COSTOS_ENERGIA_ACU,alimenta,declarada-portal,portal SUI
formato,1278,tabla_sui,CAR_T1278_COST_AGUABLOQ_CMOp,alimenta,declarada-portal,portal SUI
formato,1279,tabla_sui,CAR_T1279_IMP_TASAS_OPE_ACU,alimenta,declarada-portal,portal SUI
formato,1290,tabla_sui,CAR_T1290_COSTINSQUIM,alimenta,declarada-portal,portal SUI
formato,1291,tabla_sui,CAR_T1291_COSTSERVPERS,alimenta,declarada-portal,portal SUI
formato,1292,tabla_sui,CAR_T1292_IMPUESTYTASAS,alimenta,declarada-portal,portal SUI
formato,1293,tabla_sui,CAR_T1293_COSTOPARTBOMBEO,alimenta,declarada-portal,portal SUI
formato,1294,tabla_sui,CAR_T1294_COSTOTASASAMBIENT,alimenta,declarada-portal,portal SUI
formato,1295,tabla_sui,CAR_T1295_OTR_COS_OPERA_AR,alimenta,declarada-portal,portal SUI
formato,1320,tabla_sui,CAR_T1109_COMERCIAL_ASEO,alimenta,declarada-portal,portal SUI
formato,1321,tabla_sui,CAR_T1109_COMERCIAL_ASEO,alimenta,declarada-portal,portal SUI
formato,1324,tabla_sui,CAR_T1109_COMERCIAL_ASEO,alimenta,declarada-portal,portal SUI
formato,1325,tabla_sui,CAR_T1083_MICRO_RUTA,alimenta,declarada-portal,portal SUI
formato,1326,tabla_sui,CAR_T1086_DISFIN_OPER,alimenta,declarada-portal,portal SUI
formato,1327,tabla_sui,CAR_T1088_PEAJES,alimenta,declarada-portal,portal SUI
formato,1328,tabla_sui,CAR_T1052_F22_PRESTACUEDUCTO,alimenta,declarada-portal,portal SUI
formato,1329,tabla_sui,CAR_T1053_TARAPL_ALC,alimenta,declarada-portal,portal SUI
formato,1340,tabla_sui,CAR_T1064_EJECPROYECTOS,alimenta,declarada-portal,portal SUI
formato,1341,tabla_sui,CAR_T1064_EJECPROYECTOS,alimenta,declarada-portal,portal SUI
formato,1342,tabla_sui,CAR_T1084_REG_TONELA,alimenta,declarada-portal,portal SUI
formato,1343,tabla_sui,CAR_T1055_RECLAMACIONES,alimenta,declarada-portal,portal SUI
formato,1344,tabla_sui,CAR_T1055_RECLAMACIONES,alimenta,declarada-portal,portal SUI
formato,1345,tabla_sui,CAR_T1055_RECLAMACIONES,alimenta,declarada-portal,portal SUI
formato,1346,tabla_sui,CAR_T1108_REGISTRO_VEHIC,alimenta,declarada-portal,portal SUI
formato,1347,tabla_sui,CAR_T1271_FLUJO_CAJA_REAL,alimenta,declarada-portal,portal SUI
formato,1348,tabla_sui,CAR_T1271_FLUJO_CAJA_REAL,alimenta,declarada-portal,portal SUI
formato,1349,tabla_sui,CAR_T1349_PUNT_VERT_CRECEP,alimenta,declarada-portal,portal SUI
formato,1353,tabla_sui,CAR_T1067_CONTRATACION_SGP,alimenta,declarada-portal,portal SUI
formato,1355,tabla_sui,CAR_T1080_LIQUIDACION_SGP,alimenta,declarada-portal,portal SUI
formato,1058,variable_formato,VF-5552fa47,contiene,cruce-nombre-exacto,INSTRUCTIVO_COMERCIAL_39945_2017
formato,1058,variable_formato,VF-8e12bd96,contiene,cruce-nombre-exacto,INSTRUCTIVO_COMERCIAL_39945_2017
formato,1058,variable_formato,VF-8264aa3a,contiene,cruce-nombre-exacto,INSTRUCTIVO_COMERCIAL_39945_2017
formato,1058,variable_formato,VF-d7291889,contiene,cruce-nombre-exacto,INSTRUCTIVO_COMERCIAL_39945_2017
formato,1058,variable_formato,VF-9f60e730,contiene,cruce-nombre-exacto,INSTRUCTIVO_COMERCIAL_39945_2017
formato,1058,variable_formato,VF-c48ee1b3,contiene,cruce-nombre-exacto,INSTRUCTIVO_COMERCIAL_39945_2017
formato,1058,variable_formato,VF-13227a66,contiene,cruce-nombre-exacto,INSTRUCTIVO_COMERCIAL_39945_2017
formato,1058,variable_formato,VF-0c41abc3,contiene,cruce-nombre-exacto,INSTRUCTIVO_COMERCIAL_39945_2017
formato,1058,variable_formato,VF-fcdbd144,contiene,cruce-nombre-exacto,INSTRUCTIVO_COMERCIAL_39945_2017
formato,1058,variable_formato,VF-ee003578,contiene,cruce-nombre-exacto,INSTRUCTIVO_COMERCIAL_39945_2017
formato,1058,variable_formato,VF-dce5e30b,contiene,cruce-nombre-exacto,INSTRUCTIVO_COMERCIAL_39945_2017
formato,1058,variable_formato,VF-8c0eb06d,contiene,cruce-nombre-exacto,INSTRUCTIVO_COMERCIAL_39945_2017
formato,1058,variable_formato,VF-f9bd6823,contiene,cruce-nombre-exacto,INSTRUCTIVO_COMERCIAL_39945_2017
formato,1058,variable_formato,VF-17b3e745,contiene,cruce-nombre-exacto,INSTRUCTIVO_COMERCIAL_39945_2017
formato,1058,variable_formato,VF-556cdab6,contiene,cruce-nombre-exacto,INSTRUCTIVO_COMERCIAL_39945_2017
formato,1058,variable_formato,VF-a6b635fc,contiene,cruce-nombre-exacto,INSTRUCTIVO_COMERCIAL_39945_2017
formato,1058,variable_formato,VF-1459d36c,contiene,cruce-nombre-exacto,INSTRUCTIVO_COMERCIAL_39945_2017
formato,1058,variable_formato,VF-5465b2aa,contiene,cruce-nombre-exacto,INSTRUCTIVO_COMERCIAL_39945_2017
formato,1058,variable_formato,VF-9f16ced6,contiene,cruce-nombre-exacto,INSTRUCTIVO_COMERCIAL_39945_2017
formato,1058,variable_formato,VF-2e037d8f,contiene,cruce-nombre-exacto,INSTRUCTIVO_COMERCIAL_39945_2017
formato,1058,variable_formato,VF-8c8e0a21,contiene,cruce-nombre-exacto,INSTRUCTIVO_COMERCIAL_39945_2017
formato,1058,variable_formato,VF-bec59d66,contiene,cruce-nombre-exacto,INSTRUCTIVO_COMERCIAL_39945_2017
formato,1058,variable_formato,VF-c42ab0ab,contiene,cruce-nombre-exacto,INSTRUCTIVO_COMERCIAL_39945_2017
formato,1058,variable_formato,VF-3f51ee0c,contiene,cruce-nombre-exacto,INSTRUCTIVO_COMERCIAL_39945_2017
formato,1058,variable_formato,VF-c6638e70,contiene,cruce-nombre-exacto,INSTRUCTIVO_COMERCIAL_39945_2017
formato,1058,variable_formato,VF-172ab59d,contiene,cruce-nombre-exacto,INSTRUCTIVO_COMERCIAL_39945_2017
formato,1058,variable_formato,VF-73882924,contiene,cruce-nombre-exacto,INSTRUCTIVO_COMERCIAL_39945_2017
formato,1058,variable_formato,VF-7ecd4491,contiene,cruce-nombre-exacto,INSTRUCTIVO_COMERCIAL_39945_2017
formato,1058,variable_formato,VF-9778035c,contiene,cruce-nombre-exacto,INSTRUCTIVO_COMERCIAL_39945_2017
formato,1058,variable_formato,VF-99d4a0e2,contiene,cruce-nombre-exacto,INSTRUCTIVO_COMERCIAL_39945_2017
formato,1058,variable_formato,VF-81ed3c88,contiene,cruce-nombre-exacto,INSTRUCTIVO_COMERCIAL_39945_2017
formato,1058,variable_formato,VF-e18edce7,contiene,cruce-nombre-exacto,INSTRUCTIVO_COMERCIAL_39945_2017
formato,1058,variable_formato,VF-83a7607e,contiene,cruce-nombre-exacto,INSTRUCTIVO_COMERCIAL_39945_2017
formato,1058,variable_formato,VF-e7f67381,contiene,cruce-nombre-exacto,INSTRUCTIVO_COMERCIAL_39945_2017
formato,1058,variable_formato,VF-8760aad3,contiene,cruce-nombre-exacto,INSTRUCTIVO_COMERCIAL_39945_2017
formato,1058,variable_formato,VF-fb54324f,contiene,cruce-nombre-exacto,INSTRUCTIVO_COMERCIAL_39945_2017
formato,1058,variable_formato,VF-24684653,contiene,cruce-nombre-exacto,INSTRUCTIVO_COMERCIAL_39945_2017
formato,1058,variable_formato,VF-8b595218,contiene,cruce-nombre-exacto,INSTRUCTIVO_COMERCIAL_39945_2017
formato,1058,variable_formato,VF-28ebb86e,contiene,cruce-nombre-exacto,INSTRUCTIVO_COMERCIAL_39945_2017
formato,1058,variable_formato,VF-e66eee95,contiene,cruce-nombre-exacto,INSTRUCTIVO_COMERCIAL_39945_2017
formato,1058,variable_formato,VF-4b0e9a3d,contiene,cruce-nombre-exacto,INSTRUCTIVO_COMERCIAL_39945_2017
formato,1058,variable_formato,VF-38f30562,contiene,cruce-nombre-exacto,INSTRUCTIVO_COMERCIAL_39945_2017
formato,1058,variable_formato,VF-c1b45358,contiene,cruce-nombre-exacto,INSTRUCTIVO_COMERCIAL_39945_2017
formato,1058,variable_formato,VF-a39ea63d,contiene,cruce-nombre-exacto,INSTRUCTIVO_COMERCIAL_39945_2017
formato,1268,variable_formato,VF-68e91ad6,contiene,cruce-nombre-exacto,RESOLUCION_034455_2020
formato,1268,variable_formato,VF-fdeefca4,contiene,cruce-nombre-exacto,RESOLUCION_034455_2020
formato,1268,variable_formato,VF-f9ed37b7,contiene,cruce-nombre-exacto,RESOLUCION_034455_2020
formato,1268,variable_formato,VF-624bf7b9,contiene,cruce-nombre-exacto,RESOLUCION_034455_2020
formato,1268,variable_formato,VF-31c4aa73,contiene,cruce-nombre-exacto,RESOLUCION_034455_2020
formato,1268,variable_formato,VF-a4f6e0c3,contiene,cruce-nombre-exacto,RESOLUCION_034455_2020
