id_norma,nombre,tipo,emisor,anio,aplica_aaa,en_arbol_servicios,estado_vigencia,observacion_vigencia,fuente,valido_desde,valido_hasta
9002,CAPTURA INFORMACION CRA,OTRO,CRA,,false,false,vigente-declarada,,portal SUI DiccionarioConsultaV2,,
1,CIRCULAR CRA 001 - 2003,CIRCULAR,CRA,2003,true,true,vigente-declarada,,portal SUI DiccionarioConsultaV2,,
21,CIRCULAR SSPD 009 - 2003,CIRCULAR,SSPD,2003,true,true,vigente-declarada,,portal SUI DiccionarioConsultaV2,,
15,CIRCULAR SSPD-CREG 003 - 2003,CIRCULAR,SSPD-CREG,2003,false,true,vigente-declarada,,portal SUI DiccionarioConsultaV2,,
9,CIRCULAR SSPD-CREG 004 - 2003,CIRCULAR,SSPD-CREG,2003,false,true,vigente-declarada,,portal SUI DiccionarioConsultaV2,,
10,CIRCULAR SSPD-CREG 005 - 2003,CIRCULAR,SSPD-CREG,2003,false,true,vigente-declarada,,portal SUI DiccionarioConsultaV2,,
19,RESOLUCION SSPD 3490 - 2003,RESOLUCION,SSPD,2003,false,true,vigente-declarada,,portal SUI DiccionarioConsultaV2,,
2,RESOLUCION SSPD 6671 - 2003,RESOLUCION,SSPD,2003,true,true,vigente-declarada,,portal SUI DiccionarioConsultaV2,,
4,CIRCULAR SSPD CRA 004 - 2004,CIRCULAR,SSPD-CRA,2004,true,true,vigente-declarada,,portal SUI DiccionarioConsultaV2,,
3,CIRCULAR SSPD-CRA 0002 - 2004,CIRCULAR,SSPD-CRA,2004,true,true,vigente-declarada,,portal SUI DiccionarioConsultaV2,,
6,CIRCULAR SSPD-CRA 005 - 2004,CIRCULAR,SSPD-CRA,2004,true,true,vigente-declarada,,portal SUI DiccionarioConsultaV2,,
16,CIRCULAR SSPD-CREG 001 - 2004,CIRCULAR,SSPD-CREG,2004,false,true,vigente-declarada,,portal SUI DiccionarioConsultaV2,,
5,RESOLUCION SSPD 2535 - 2004,RESOLUCION,SSPD,2004,true,true,vigente-declarada,,portal SUI DiccionarioConsultaV2,,
1389,RESOLUCION - SSPD 318 DE 2005,RESOLUCION,SSPD,2005,true,true,vigente-declarada,,portal SUI DiccionarioConsultaV2,,
22,RESOLUCION SSPD 2395 - 2005,RESOLUCION,SSPD,2005,true,true,vigente-declarada,,portal SUI DiccionarioConsultaV2,,
35,RESOLUCION SSPD 28775 - 2005,RESOLUCION,SSPD,2005,true,true,vigente-declarada,,portal SUI DiccionarioConsultaV2,,
43,RESOLUCION SSPD 33635 - 2005,RESOLUCION,SSPD,2005,false,true,vigente-declarada,,portal SUI DiccionarioConsultaV2,,
9004,CIRCULAR SSPD - CRA 000006 de 2006,CIRCULAR,SSPD-CRA,2006,false,false,vigente-declarada,,portal SUI DiccionarioConsultaV2,,
9003,CIRCULAR SSPD - CRA 003 DE 2006,CIRCULAR,SSPD-CRA,2006,false,false,vigente-declarada,,portal SUI DiccionarioConsultaV2,,
9005,CIRCULAR SSPD - CRA 004 DE 2006,CIRCULAR,SSPD-CRA,2006,false,false,vigente-declarada,,portal SUI DiccionarioConsultaV2,,
193,CIRCULAR SSPD - CREG No. 002 de 2006,CIRCULAR,SSPD-CREG,2006,false,true,vigente-declarada,,portal SUI DiccionarioConsultaV2,,
192,CIRCULAR SSPD - CREG No. 003 de 2006,CIRCULAR,SSPD-CREG,2006,false,true,vigente-declarada,,portal SUI DiccionarioConsultaV2,,
25,CIRCULAR SSPD-CREG 001 - 2006,CIRCULAR,SSPD-CREG,2006,false,true,vigente-declarada,,portal SUI DiccionarioConsultaV2,,
39,RESOLUCION SSPD 12295 - 2006,RESOLUCION,SSPD,2006,true,true,vigente-declarada,,portal SUI DiccionarioConsultaV2,,
29,RESOLUCION SSPD 2305 - 2006,RESOLUCION,SSPD,2006,true,true,vigente-declarada,,portal SUI DiccionarioConsultaV2,,
37,RESOLUCION SSPD 25985 - 2006,RESOLUCION,SSPD,2006,false,true,vigente-declarada,,portal SUI DiccionarioConsultaV2,,
9006,RESOLUCION SSPD 26285 - 2006,RESOLUCION,SSPD,2006,false,false,vigente-declarada,,portal SUI DiccionarioConsultaV2,,
33,RESOLUCIÓN SSPD 43495 - 2006,RESOLUCION,SSPD,2006,true,true,vigente-declarada,,portal SUI DiccionarioConsultaV2,,
188,CIRCULAR SSPD - CRA 000001 de 2007,CIRCULAR,SSPD-CRA,2007,true,true,vigente-declarada,,portal SUI DiccionarioConsultaV2,,
44,CIRCULAR SSPD - CREG No. 002 de 2007,CIRCULAR,SSPD-CREG,2007,false,true,vigente-declarada,,portal SUI DiccionarioConsultaV2,,
247,CIRCULAR SSPD 006 DE 2007,CIRCULAR,SSPD,2007,true,true,vigente-declarada,,portal SUI DiccionarioConsultaV2,,
9008,CIRCULAR EXTERNA 20081000000034 DE 2008,CIRCULAR,NO DETERMINADO,2008,false,false,vigente-declarada,,portal SUI DiccionarioConsultaV2,,
231,CIRCULAR SSPD - IPSE No. 124 de 2008,CIRCULAR,SSPD-IPSE,2008,false,true,vigente-declarada,,portal SUI DiccionarioConsultaV2,,
447,CIRCULAR SSPD 20081000000174 de 2008,CIRCULAR,SSPD,2008,false,true,vigente-declarada,,portal SUI DiccionarioConsultaV2,,
586,CIRCULAR SSPD-CREG 001 - 2008,CIRCULAR,SSPD-CREG,2008,false,true,vigente-declarada,,portal SUI DiccionarioConsultaV2,,
9007,Circular Directiva 005 de 2008,CIRCULAR,NO DETERMINADO,2008,false,false,vigente-declarada,,portal SUI DiccionarioConsultaV2,,
226,Resolucion 20081300008505 - 2008,RESOLUCION,NO DETERMINADO,2008,false,true,vigente-declarada,,portal SUI DiccionarioConsultaV2,,
446,SSPD 20081300002485 DE 2008,OTRO,SSPD,2008,true,true,vigente-declarada,,portal SUI DiccionarioConsultaV2,,
307,CIRCULAR CONJUNTA SSPD-CREG No. 20091000000044 de 2009,CIRCULAR,SSPD-CREG,2009,false,true,vigente-declarada,,portal SUI DiccionarioConsultaV2,,
326,RESOLUCION SSPD No. 20094000015085 de 2009,RESOLUCION,SSPD,2009,true,true,derogada,H2: derogada; sus formatos requieren reasignación por dominio,portal SUI DiccionarioConsultaV2,,
525,Resolucion 20102400008055 de 2010,RESOLUCION,NO DETERMINADO,2010,false,true,vigente-declarada,,portal SUI DiccionarioConsultaV2,,
566,Resolución SSPD 20101300048765 DE 2010,RESOLUCION,SSPD,2010,true,true,vigente-parcial,H2/H4: vaciada por normas posteriores (78 art. derogados por Res. 20251000182585/2025),portal SUI DiccionarioConsultaV2,,
1068,CIRCULAR CONJUNTA - SSPD-CREG 34 DE 2011,CIRCULAR,SSPD-CREG,2011,true,true,vigente-declarada,,portal SUI DiccionarioConsultaV2,,
9001,RESOLUCION - SSPD 11645 DE 2011,RESOLUCION,SSPD,2011,false,false,vigente-declarada,,portal SUI DiccionarioConsultaV2,,
1011,RESOLUCION - SSPD 22695 DE 2011,RESOLUCION,SSPD,2011,false,true,vigente-declarada,,portal SUI DiccionarioConsultaV2,,
665,RESOLUCION SSPD 34005 - 2011,RESOLUCION,SSPD,2011,false,true,vigente-declarada,,portal SUI DiccionarioConsultaV2,,
1012,RESOLUCION - SSPD 4345 DE 2012,RESOLUCION,SSPD,2012,false,true,vigente-declarada,,portal SUI DiccionarioConsultaV2,,
1028,RESOLUCION - SSPD 4355 DE 2012,RESOLUCION,SSPD,2012,false,true,vigente-declarada,,portal SUI DiccionarioConsultaV2,,
705,RESOLUCION 20121300017645 DE 12 DE JUNIO DE 2012,RESOLUCION,NO DETERMINADO,2012,false,true,vigente-declarada,,portal SUI DiccionarioConsultaV2,,
747,RESOLUCIÓN N° SSPD 20131300008055 DEL 01-04-2013,RESOLUCION,SSPD,2013,true,true,vigente-declarada,,portal SUI DiccionarioConsultaV2,,
1088,RESOLUCION - SSPD 20141300040755 DE 2014,RESOLUCION,SSPD,2014,false,true,vigente-declarada,,portal SUI DiccionarioConsultaV2,,
1488,RESOLUCION - SSPD 20151300054575 DE 2015,RESOLUCION,SSPD,2015,true,true,vigente-declarada,,portal SUI DiccionarioConsultaV2,,
947,CIRCULAR - SSPD - CREG 001 DE 2016,CIRCULAR,SSPD-CREG,2016,false,true,vigente-declarada,,portal SUI DiccionarioConsultaV2,,
1089,CIRCULAR CONJUNTA - SSPD-CREG 004 DE 2016,CIRCULAR,SSPD-CREG,2016,false,true,vigente-declarada,,portal SUI DiccionarioConsultaV2,,
988,CIRCULAR SSPD-CREG 002 DE 2016,CIRCULAR,SSPD-CREG,2016,false,true,vigente-declarada,,portal SUI DiccionarioConsultaV2,,
1149,RESOLUCION - SSPD 062185 DE 2016,RESOLUCION,SSPD,2016,true,true,vigente-declarada,,portal SUI DiccionarioConsultaV2,,
948,Resolución 20161300037055 del 31 de agosto de 2016,RESOLUCION,NO DETERMINADO,2016,true,true,vigente-declarada,,portal SUI DiccionarioConsultaV2,,
1029,RESOLUCION - SSPD 188755 DE 2017,RESOLUCION,SSPD,2017,false,true,vigente-declarada,,portal SUI DiccionarioConsultaV2,,
1168,RESOLUCION - SSPD 237705 DE 2017,RESOLUCION,SSPD,2017,true,true,vigente-declarada,,portal SUI DiccionarioConsultaV2,,
989,RESOLUCION SSPD 20174000121755 19/07/2017,RESOLUCION,SSPD,2017,true,true,vigente-declarada,,portal SUI DiccionarioConsultaV2,,
927,Resolución N° SSPD - 20171300039945 del 28 de marzo de 2017,RESOLUCION,SSPD,2017,true,true,vigente-declarada,,portal SUI DiccionarioConsultaV2,,
1369,RESOLUCION - SSPD 133695 DE 2018,RESOLUCION,SSPD,2018,true,true,vigente-declarada,,portal SUI DiccionarioConsultaV2,,
1588,RESOLUCION - CRA 906 DE 2019,RESOLUCION,CRA,2019,true,true,vigente-declarada,,portal SUI DiccionarioConsultaV2,,
1209,RESOLUCION - SSPD 20155 DE 2019,RESOLUCION,SSPD,2019,false,true,vigente-declarada,,portal SUI DiccionarioConsultaV2,,
1229,RESOLUCION - SSPD 34975 DE 2019,RESOLUCION,SSPD,2019,false,true,vigente-declarada,,portal SUI DiccionarioConsultaV2,,
1308,RESOLUCION - SSPD 00033925 DE 2020,RESOLUCION,SSPD,2020,true,true,vigente-declarada,,portal SUI DiccionarioConsultaV2,,
1328,RESOLUCION - SSPD 00034455 DE 2020,RESOLUCION,SSPD,2020,true,true,vigente-declarada,,portal SUI DiccionarioConsultaV2,,
1268,RESOLUCION - SSPD 14555 DE 2020,RESOLUCION,SSPD,2020,true,true,vigente-declarada,,portal SUI DiccionarioConsultaV2,,
1528,RESOLUCION - SSPD 00650805 DE 2021,RESOLUCION,SSPD,2021,true,true,vigente-declarada,,portal SUI DiccionarioConsultaV2,,
1449,RESOLUCION No. SSPD - 1000316965 DEL 2021,RESOLUCION,SSPD,2021,true,true,vigente-declarada,,portal SUI DiccionarioConsultaV2,,
1568,RESOLUCION No. SSPD - 20211000852195 DEL 22-12-2021,RESOLUCION,SSPD,2021,true,true,vigente-declarada,,portal SUI DiccionarioConsultaV2,,
1608,RESOLUCIÓN - SSPD 555175 DE 2021,RESOLUCION,SSPD,2021,true,true,vigente-declarada,,portal SUI DiccionarioConsultaV2,,
1689,RESOLUCION - SSPD 00665435 DE 2022,RESOLUCION,SSPD,2022,false,true,vigente-declarada,,portal SUI DiccionarioConsultaV2,,
1709,RESOLUCIÓN - SUPERSERVICIOS 00763445 DE 2022,RESOLUCION,SSPD,2022,true,true,vigente-declarada,,portal SUI DiccionarioConsultaV2,,
1809,RESOLUCIÓN - SUPERSERVICIOS 295475 DE 2023,RESOLUCION,SSPD,2023,true,true,vigente-declarada,,portal SUI DiccionarioConsultaV2,,
1848,RESOLUCIÓN SSPD - 20241000606485 del 03/10/2024,RESOLUCION,SSPD,2024,true,true,vigente-declarada,,portal SUI DiccionarioConsultaV2,,
