id_norma,id_servicio
1,ACUEDUCTO
1,ALCANTARILLADO
1,ASEO
21,ACUEDUCTO
21,ALCANTARILLADO
21,ASEO
21,COSTOS-TARIFAS AA
21,RIESGOS AAA
21,TRANSVERSAL
2,ACUEDUCTO
2,ALCANTARILLADO
4,ACUEDUCTO
4,ALCANTARILLADO
3,ACUEDUCTO
3,ALCANTARILLADO
3,ASEO
6,ACUEDUCTO
6,ALCANTARILLADO
6,ASEO
5,ASEO
1389,ACUEDUCTO
1389,ALCANTARILLADO
22,ACUEDUCTO
22,ASEO
22,COSTOS-TARIFAS AA
22,RIESGOS AAA
22,TRANSVERSAL
35,ACUEDUCTO
35,ALCANTARILLADO
39,ACUEDUCTO
39,ASEO
39,COSTOS-TARIFAS AA
39,RIESGOS AAA
39,TRANSVERSAL
29,ACUEDUCTO
29,ALCANTARILLADO
29,ASEO
33,ACUEDUCTO
33,ALCANTARILLADO
33,ASEO
188,ACUEDUCTO
188,ALCANTARILLADO
247,ASEO
446,ACUEDUCTO
446,ASEO
446,COSTOS-TARIFAS AA
446,RIESGOS AAA
446,TRANSVERSAL
326,ACUEDUCTO
326,ALCANTARILLADO
326,ASEO
566,ASEO
1068,ASEO
747,ACUEDUCTO
747,ALCANTARILLADO
747,ASEO
747,COSTOS-TARIFAS AA
747,RIESGOS AAA
747,TRANSVERSAL
1488,ACUEDUCTO
1488,ALCANTARILLADO
1488,ASEO
1149,ACUEDUCTO
1149,ALCANTARILLADO
1149,ASEO
948,ASEO
1168,ASEO
989,COSTOS-TARIFAS AA
927,ACUEDUCTO
927,COSTOS-TARIFAS AA
1369,ACUEDUCTO
1588,ACUEDUCTO
1588,ASEO
1588,COSTOS-TARIFAS AA
1588,RIESGOS AAA
1588,TRANSVERSAL
1308,ACUEDUCTO
1308,ALCANTARILLADO
1328,ASEO
1268,ASEO
1528,ASEO
1449,ACUEDUCTO
1449,ASEO
1449,COSTOS-TARIFAS AA
1449,RIESGOS AAA
1449,TRANSVERSAL
1568,ACUEDUCTO
1568,ASEO
1568,COSTOS-TARIFAS AA
1568,RIESGOS AAA
1568,TRANSVERSAL
1608,ACUEDUCTO
1608,ASEO
1608,COSTOS-TARIFAS AA
1608,RIESGOS AAA
1608,TRANSVERSAL
1709,ACUEDUCTO
1809,ACUEDUCTO
1809,ASEO
1809,COSTOS-TARIFAS AA
1809,RIESGOS AAA
1809,TRANSVERSAL
1848,ASEO
