id_hallazgo,severidad,dimension_iso25012,descripcion,entidad_afectada,registros_afectados,estado,accion
H1,alta,trazabilidad;completitud,"Consulta por tablas del portal caída (HTTP 500, NullPointerException en TablaBean.getEsq). Nivel columna física inaccesible.",tabla_sui / variable_tabla,129,abierto,Oficio técnico a mesa SUI (sui_aaa@superservicios.gov.co); solicitar contenido de la vista como archivo
H2,alta,actualidad;conformidad,"113 formatos atribuidos a la Res. SSPD 20094000015085/2009, derogada; la Res. 20101300048765/2010 está vaciada por normas posteriores.",formato / norma,113,abierto,Reasignar por dominio: comercial AA→Res. 20171300039945/2017; IUS→20221000284385/2022; hidráulico y personal→20211000316965/2021; aseo técnico→20174000237705/2017 y modif.; aseo tarifario→20251000182585/2025; PQR→20261000681915/2026. Requiere certificación SSPD.
H3,media,completitud,Formatos sin norma declarada en el diccionario.,formato,13,abierto,Incluir en oficio de información entre autoridades
H4,media,consistencia,Res. 20101300048765/2010 asociada solo a ASEO: para AA fue sustituida en 2017; en aseo sobrevivió hasta 2025.,norma_servicio,1,documentado,Registrar vigencia por dominio en estado_vigencia
H5,media,completitud;exactitud,Tablas con descripción nula o copiada de otra tabla.,tabla_sui,29,abierto,Solicitar diccionario de tablas a SSPD
H6,baja,unicidad,"Formatos duplicados (1052/1053, 1056/1115, 179/350) y pares con mojibake.",formato,6,abierto,Resolver con SSPD; no fusionar sin confirmación
H7,baja,exactitud,Doble codificación ISO-8859-1/UTF-8 en nombres del portal.,formato / tabla_sui,,mitigado,Nombres normalizados en esta versión; el original se conserva en el JSON fuente
H8,informativa,consistencia,Tablas compartidas entre formatos y servicios.,tabla_sui,27,documentado,Marcadas con compartida=true
H9,alta,completitud,Universo de formatos mayor que el barrido: ids hasta 6097 y 407 formatos referenciados por esquemas fuera del catálogo. Toda cobertura sobre 392 es un piso.,formato,407,abierto,Completar barrido secuencial de identificadores
H10,media,trazabilidad,"Variables ancladas al formato, no a la columna física. El puente variable→columna solo lo cierra la SSPD.",variable_formato,844,abierto,variable_tabla permanece definida y vacía a propósito
H11,media,trazabilidad,Cruce variable→formato del catálogo solo por nombre exacto.,variable_formato,50,abierto,Filtrar por calidad_correspondencia antes de cualquier uso
H12,media,credibilidad,"373 variables provienen de lectura asistida (WEBFETCH_LECTOR), no de extracción mecánica.",variable_formato,373,abierto,Validar contra el PDF antes de uso en acto administrativo; prioridad Res. 20211000316965 y aseo
H14,baja,unicidad,"2 filas duplicadas en la extracción de variables (misma clave documento|formato|orden|nombre, una con definición vacía); se conservó la fila con definición.",variable_formato,2,mitigado,Corregido en esta versión; revisar en el script de extracción
H13,media,confidencialidad,54 variables clasificadas provisionalmente como dato personal (Ley 1581/2012) por heurística de nombre.,variable_formato,54,abierto,Confirmación por el steward de cada dominio antes de publicar
